This file contains any messages produced by compilers while
running configure, to aid debugging if configure makes a mistake.

It was created by avahi configure 0.8, which was
generated by GNU Autoconf 2.69.  Invocation command line was

  $ ./configure --build=i686-linux --host=arm-none-linux-gnueabi --target=arm-none-linux-gnueabi --prefix=/opt/wa --with-distro=none --disable-qt4 --disable-mono --disable-monodoc --disable-python --disable-qt3 --disable-gtk --disable-glib --disable-gobject --disable-gdbm --disable-autoipd --disable-dbus --disable-libevent --disable-qt5 --disable-gtk3 --enable-shared=no --enable-static=yes --with-xml=expat --with-avahi-user=root --with-avahi-group=root build_alias=i686-linux host_alias=arm-none-linux-gnueabi target_alias=arm-none-linux-gnueabi CC=/home/wangtinghu/workspace/CORSICA_20251028_REMOVE_HTTPS_UNSAFE_CIPHERS_LIST_CSC/Corsica_adv/trunk/3rdparty/sony/avahi/../../../ti_tools/cgt_a8/arm-2010.09/bin/arm-none-linux-gnueabi-gcc CFLAGS=-I/home/wangtinghu/workspace/CORSICA_20251028_REMOVE_HTTPS_UNSAFE_CIPHERS_LIST_CSC/Corsica_adv/trunk/3rdparty/sony/avahi/opt/wa/include LDFLAGS=-static -static-libgcc -L/home/wangtinghu/workspace/CORSICA_20251028_REMOVE_HTTPS_UNSAFE_CIPHERS_LIST_CSC/Corsica_adv/trunk/3rdparty/sony/avahi/opt/wa/lib PKG_CONFIG_PATH=/home/wangtinghu/workspace/CORSICA_20251028_REMOVE_HTTPS_UNSAFE_CIPHERS_LIST_CSC/Corsica_adv/trunk/3rdparty/sony/avahi/opt/wa/lib/pkgconfig --no-create --no-recursion

## --------- ##
## Platform. ##
## --------- ##

hostname = WX-CSC-L-WA
uname -m = x86_64
uname -r = 5.4.0-216-generic
uname -s = Linux
uname -v = #236-Ubuntu SMP Fri Apr 11 19:53:21 UTC 2025

/usr/bin/uname -p = unknown
/bin/uname -X     = unknown

/bin/arch              = unknown
/usr/bin/arch -k       = unknown
/usr/convex/getsysinfo = unknown
/usr/bin/hostinfo      = unknown
/bin/machine           = unknown
/usr/bin/oslevel       = unknown
/bin/universe          = unknown

PATH: /usr/local/sbin
PATH: /usr/local/bin
PATH: /usr/sbin
PATH: /usr/bin
PATH: /sbin
PATH: /bin
PATH: /usr/games
PATH: /usr/local/games
PATH: /snap/bin
PATH: /home/wangtinghu/workspace/CORSICA_20251028_REMOVE_HTTPS_UNSAFE_CIPHERS_LIST_CSC/Corsica_adv/trunk/3rdparty/sony/avahi/../../../ti_tools/cgt_a8/arm-2010.09/bin


## ----------- ##
## Core tests. ##
## ----------- ##

configure:2947: checking for a BSD-compatible install
configure:3015: result: /usr/bin/install -c
configure:3026: checking whether build environment is sane
configure:3081: result: yes
configure:3138: checking for arm-none-linux-gnueabi-strip
configure:3154: found /home/wangtinghu/workspace/CORSICA_20251028_REMOVE_HTTPS_UNSAFE_CIPHERS_LIST_CSC/Corsica_adv/trunk/3rdparty/sony/avahi/../../../ti_tools/cgt_a8/arm-2010.09/bin/arm-none-linux-gnueabi-strip
configure:3165: result: arm-none-linux-gnueabi-strip
configure:3230: checking for a thread-safe mkdir -p
configure:3269: result: /bin/mkdir -p
configure:3276: checking for gawk
configure:3292: found /usr/bin/gawk
configure:3303: result: gawk
configure:3314: checking whether make sets $(MAKE)
configure:3336: result: yes
configure:3365: checking whether make supports nested variables
configure:3382: result: yes
configure:3461: checking how to create a pax tar archive
configure:3472: tar --version
tar (GNU tar) 1.30
Copyright (C) 2017 Free Software Foundation, Inc.
License GPLv3+: GNU GPL version 3 or later <https://gnu.org/licenses/gpl.html>.
This is free software: you are free to change and redistribute it.
There is NO WARRANTY, to the extent permitted by law.

Written by John Gilmore and Jay Fenlason.
configure:3475: $? = 0
configure:3515: tardir=conftest.dir && eval tar --format=posix -chf - "$tardir" >conftest.tar
configure:3518: $? = 0
configure:3522: tar -xf - <conftest.tar
configure:3525: $? = 0
configure:3527: cat conftest.dir/file
GrepMe
configure:3530: $? = 0
configure:3543: result: gnutar
configure:3630: checking build system type
configure:3644: result: i686-pc-linux-gnu
configure:3664: checking host system type
configure:3677: result: arm-none-linux-gnueabi
configure:3709: checking whether make supports nested variables
configure:3726: result: yes
configure:3740: checking for stow
configure:3768: result: no
configure:3794: checking for arm-none-linux-gnueabi-gcc
configure:3821: result: /home/wangtinghu/workspace/CORSICA_20251028_REMOVE_HTTPS_UNSAFE_CIPHERS_LIST_CSC/Corsica_adv/trunk/3rdparty/sony/avahi/../../../ti_tools/cgt_a8/arm-2010.09/bin/arm-none-linux-gnueabi-gcc
configure:4090: checking for C compiler version
configure:4099: /home/wangtinghu/workspace/CORSICA_20251028_REMOVE_HTTPS_UNSAFE_CIPHERS_LIST_CSC/Corsica_adv/trunk/3rdparty/sony/avahi/../../../ti_tools/cgt_a8/arm-2010.09/bin/arm-none-linux-gnueabi-gcc --version >&5
arm-none-linux-gnueabi-gcc (Sourcery G++ Lite 2010.09-50) 4.5.1
Copyright (C) 2010 Free Software Foundation, Inc.
This is free software; see the source for copying conditions.  There is NO
warranty; not even for MERCHANTABILITY or FITNESS FOR A PARTICULAR PURPOSE.

configure:4110: $? = 0
configure:4099: /home/wangtinghu/workspace/CORSICA_20251028_REMOVE_HTTPS_UNSAFE_CIPHERS_LIST_CSC/Corsica_adv/trunk/3rdparty/sony/avahi/../../../ti_tools/cgt_a8/arm-2010.09/bin/arm-none-linux-gnueabi-gcc -v >&5
Using built-in specs.
COLLECT_GCC=/home/wangtinghu/workspace/CORSICA_20251028_REMOVE_HTTPS_UNSAFE_CIPHERS_LIST_CSC/Corsica_adv/trunk/3rdparty/sony/avahi/../../../ti_tools/cgt_a8/arm-2010.09/bin/arm-none-linux-gnueabi-gcc
COLLECT_LTO_WRAPPER=/home/wangtinghu/workspace/CORSICA_20251028_REMOVE_HTTPS_UNSAFE_CIPHERS_LIST_CSC/Corsica_adv/trunk/ti_tools/cgt_a8/arm-2010.09/bin/../libexec/gcc/arm-none-linux-gnueabi/4.5.1/lto-wrapper
Target: arm-none-linux-gnueabi
Configured with: /scratch/nathan/arm-lite/src/gcc-4.5-2010.09/configure --build=i686-pc-linux-gnu --host=i686-pc-linux-gnu --target=arm-none-linux-gnueabi --enable-threads --disable-libmudflap --disable-libssp --disable-libstdcxx-pch --enable-extra-sgxxlite-multilibs --with-arch=armv5te --with-gnu-as --with-gnu-ld --with-specs='%{save-temps: -fverbose-asm} %{funwind-tables|fno-unwind-tables|mabi=*|ffreestanding|nostdlib:;:-funwind-tables} -D__CS_SOURCERYGXX_MAJ__=2010 -D__CS_SOURCERYGXX_MIN__=9 -D__CS_SOURCERYGXX_REV__=50 %{O2:%{!fno-remove-local-statics: -fremove-local-statics}} %{O*:%{O|O0|O1|O2|Os:;:%{!fno-remove-local-statics: -fremove-local-statics}}}' --enable-languages=c,c++ --enable-shared --enable-lto --enable-symvers=gnu --enable-__cxa_atexit --with-pkgversion='Sourcery G++ Lite 2010.09-50' --with-bugurl=https://support.codesourcery.com/GNUToolchain/ --disable-nls --prefix=/opt/codesourcery --with-sysroot=/opt/codesourcery/arm-none-linux-gnueabi/libc --with-build-sysroot=/scratch/nathan/arm-lite/install/arm-none-linux-gnueabi/libc --with-gmp=/scratch/nathan/arm-lite/obj/host-libs-2010.09-50-arm-none-linux-gnueabi-i686-pc-linux-gnu/usr --with-mpfr=/scratch/nathan/arm-lite/obj/host-libs-2010.09-50-arm-none-linux-gnueabi-i686-pc-linux-gnu/usr --with-mpc=/scratch/nathan/arm-lite/obj/host-libs-2010.09-50-arm-none-linux-gnueabi-i686-pc-linux-gnu/usr --with-ppl=/scratch/nathan/arm-lite/obj/host-libs-2010.09-50-arm-none-linux-gnueabi-i686-pc-linux-gnu/usr --with-host-libstdcxx='-static-libgcc -Wl,-Bstatic,-lstdc++,-Bdynamic -lm' --with-cloog=/scratch/nathan/arm-lite/obj/host-libs-2010.09-50-arm-none-linux-gnueabi-i686-pc-linux-gnu/usr --with-libelf=/scratch/nathan/arm-lite/obj/host-libs-2010.09-50-arm-none-linux-gnueabi-i686-pc-linux-gnu/usr --disable-libgomp --enable-poison-system-directories --with-build-time-tools=/scratch/nathan/arm-lite/install/arm-none-linux-gnueabi/bin --with-build-time-tools=/scratch/nathan/arm-lite/install/arm-none-linux-gnueabi/bin
Thread model: posix
gcc version 4.5.1 (Sourcery G++ Lite 2010.09-50) 
configure:4110: $? = 0
configure:4099: /home/wangtinghu/workspace/CORSICA_20251028_REMOVE_HTTPS_UNSAFE_CIPHERS_LIST_CSC/Corsica_adv/trunk/3rdparty/sony/avahi/../../../ti_tools/cgt_a8/arm-2010.09/bin/arm-none-linux-gnueabi-gcc -V >&5
arm-none-linux-gnueabi-gcc: '-V' option must have argument
configure:4110: $? = 1
configure:4099: /home/wangtinghu/workspace/CORSICA_20251028_REMOVE_HTTPS_UNSAFE_CIPHERS_LIST_CSC/Corsica_adv/trunk/3rdparty/sony/avahi/../../../ti_tools/cgt_a8/arm-2010.09/bin/arm-none-linux-gnueabi-gcc -qversion >&5
arm-none-linux-gnueabi-gcc: unrecognized option '-qversion'
arm-none-linux-gnueabi-gcc: no input files
configure:4110: $? = 1
configure:4130: checking whether the C compiler works
configure:4152: /home/wangtinghu/workspace/CORSICA_20251028_REMOVE_HTTPS_UNSAFE_CIPHERS_LIST_CSC/Corsica_adv/trunk/3rdparty/sony/avahi/../../../ti_tools/cgt_a8/arm-2010.09/bin/arm-none-linux-gnueabi-gcc -I/home/wangtinghu/workspace/CORSICA_20251028_REMOVE_HTTPS_UNSAFE_CIPHERS_LIST_CSC/Corsica_adv/trunk/3rdparty/sony/avahi/opt/wa/include  -static -static-libgcc -L/home/wangtinghu/workspace/CORSICA_20251028_REMOVE_HTTPS_UNSAFE_CIPHERS_LIST_CSC/Corsica_adv/trunk/3rdparty/sony/avahi/opt/wa/lib conftest.c  >&5
configure:4156: $? = 0
configure:4204: result: yes
configure:4207: checking for C compiler default output file name
configure:4209: result: a.out
configure:4215: checking for suffix of executables
configure:4222: /home/wangtinghu/workspace/CORSICA_20251028_REMOVE_HTTPS_UNSAFE_CIPHERS_LIST_CSC/Corsica_adv/trunk/3rdparty/sony/avahi/../../../ti_tools/cgt_a8/arm-2010.09/bin/arm-none-linux-gnueabi-gcc -o conftest -I/home/wangtinghu/workspace/CORSICA_20251028_REMOVE_HTTPS_UNSAFE_CIPHERS_LIST_CSC/Corsica_adv/trunk/3rdparty/sony/avahi/opt/wa/include  -static -static-libgcc -L/home/wangtinghu/workspace/CORSICA_20251028_REMOVE_HTTPS_UNSAFE_CIPHERS_LIST_CSC/Corsica_adv/trunk/3rdparty/sony/avahi/opt/wa/lib conftest.c  >&5
configure:4226: $? = 0
configure:4248: result: 
configure:4270: checking whether we are cross compiling
configure:4308: result: yes
configure:4313: checking for suffix of object files
configure:4335: /home/wangtinghu/workspace/CORSICA_20251028_REMOVE_HTTPS_UNSAFE_CIPHERS_LIST_CSC/Corsica_adv/trunk/3rdparty/sony/avahi/../../../ti_tools/cgt_a8/arm-2010.09/bin/arm-none-linux-gnueabi-gcc -c -I/home/wangtinghu/workspace/CORSICA_20251028_REMOVE_HTTPS_UNSAFE_CIPHERS_LIST_CSC/Corsica_adv/trunk/3rdparty/sony/avahi/opt/wa/include  conftest.c >&5
configure:4339: $? = 0
configure:4360: result: o
configure:4364: checking whether we are using the GNU C compiler
configure:4383: /home/wangtinghu/workspace/CORSICA_20251028_REMOVE_HTTPS_UNSAFE_CIPHERS_LIST_CSC/Corsica_adv/trunk/3rdparty/sony/avahi/../../../ti_tools/cgt_a8/arm-2010.09/bin/arm-none-linux-gnueabi-gcc -c -I/home/wangtinghu/workspace/CORSICA_20251028_REMOVE_HTTPS_UNSAFE_CIPHERS_LIST_CSC/Corsica_adv/trunk/3rdparty/sony/avahi/opt/wa/include  conftest.c >&5
configure:4383: $? = 0
configure:4392: result: yes
configure:4401: checking whether /home/wangtinghu/workspace/CORSICA_20251028_REMOVE_HTTPS_UNSAFE_CIPHERS_LIST_CSC/Corsica_adv/trunk/3rdparty/sony/avahi/../../../ti_tools/cgt_a8/arm-2010.09/bin/arm-none-linux-gnueabi-gcc accepts -g
configure:4421: /home/wangtinghu/workspace/CORSICA_20251028_REMOVE_HTTPS_UNSAFE_CIPHERS_LIST_CSC/Corsica_adv/trunk/3rdparty/sony/avahi/../../../ti_tools/cgt_a8/arm-2010.09/bin/arm-none-linux-gnueabi-gcc -c -g  conftest.c >&5
configure:4421: $? = 0
configure:4462: result: yes
configure:4479: checking for /home/wangtinghu/workspace/CORSICA_20251028_REMOVE_HTTPS_UNSAFE_CIPHERS_LIST_CSC/Corsica_adv/trunk/3rdparty/sony/avahi/../../../ti_tools/cgt_a8/arm-2010.09/bin/arm-none-linux-gnueabi-gcc option to accept ISO C89
configure:4542: /home/wangtinghu/workspace/CORSICA_20251028_REMOVE_HTTPS_UNSAFE_CIPHERS_LIST_CSC/Corsica_adv/trunk/3rdparty/sony/avahi/../../../ti_tools/cgt_a8/arm-2010.09/bin/arm-none-linux-gnueabi-gcc  -c -I/home/wangtinghu/workspace/CORSICA_20251028_REMOVE_HTTPS_UNSAFE_CIPHERS_LIST_CSC/Corsica_adv/trunk/3rdparty/sony/avahi/opt/wa/include  conftest.c >&5
configure:4542: $? = 0
configure:4555: result: none needed
configure:4580: checking whether /home/wangtinghu/workspace/CORSICA_20251028_REMOVE_HTTPS_UNSAFE_CIPHERS_LIST_CSC/Corsica_adv/trunk/3rdparty/sony/avahi/../../../ti_tools/cgt_a8/arm-2010.09/bin/arm-none-linux-gnueabi-gcc understands -c and -o together
configure:4602: /home/wangtinghu/workspace/CORSICA_20251028_REMOVE_HTTPS_UNSAFE_CIPHERS_LIST_CSC/Corsica_adv/trunk/3rdparty/sony/avahi/../../../ti_tools/cgt_a8/arm-2010.09/bin/arm-none-linux-gnueabi-gcc -c conftest.c -o conftest2.o
configure:4605: $? = 0
configure:4602: /home/wangtinghu/workspace/CORSICA_20251028_REMOVE_HTTPS_UNSAFE_CIPHERS_LIST_CSC/Corsica_adv/trunk/3rdparty/sony/avahi/../../../ti_tools/cgt_a8/arm-2010.09/bin/arm-none-linux-gnueabi-gcc -c conftest.c -o conftest2.o
configure:4605: $? = 0
configure:4617: result: yes
configure:4645: checking for style of include used by make
configure:4673: result: GNU
configure:4699: checking dependency style of /home/wangtinghu/workspace/CORSICA_20251028_REMOVE_HTTPS_UNSAFE_CIPHERS_LIST_CSC/Corsica_adv/trunk/3rdparty/sony/avahi/../../../ti_tools/cgt_a8/arm-2010.09/bin/arm-none-linux-gnueabi-gcc
configure:4810: result: gcc3
configure:4825: checking for /home/wangtinghu/workspace/CORSICA_20251028_REMOVE_HTTPS_UNSAFE_CIPHERS_LIST_CSC/Corsica_adv/trunk/3rdparty/sony/avahi/../../../ti_tools/cgt_a8/arm-2010.09/bin/arm-none-linux-gnueabi-gcc option to accept ISO C99
configure:4974: /home/wangtinghu/workspace/CORSICA_20251028_REMOVE_HTTPS_UNSAFE_CIPHERS_LIST_CSC/Corsica_adv/trunk/3rdparty/sony/avahi/../../../ti_tools/cgt_a8/arm-2010.09/bin/arm-none-linux-gnueabi-gcc  -c -I/home/wangtinghu/workspace/CORSICA_20251028_REMOVE_HTTPS_UNSAFE_CIPHERS_LIST_CSC/Corsica_adv/trunk/3rdparty/sony/avahi/opt/wa/include  conftest.c >&5
conftest.c:61:29: error: expected ';', ',' or ')' before 'text'
conftest.c: In function 'main':
conftest.c:115:18: error: expected '=', ',', ';', 'asm' or '__attribute__' before 'newvar'
conftest.c:115:18: error: 'newvar' undeclared (first use in this function)
conftest.c:115:18: note: each undeclared identifier is reported only once for each function it appears in
conftest.c:125:3: error: 'for' loop initial declarations are only allowed in C99 mode
conftest.c:125:3: note: use option -std=c99 or -std=gnu99 to compile your code
configure:4974: $? = 1
configure: failed program was:
| /* confdefs.h */
| #define PACKAGE_NAME "avahi"
| #define PACKAGE_TARNAME "avahi"
| #define PACKAGE_VERSION "0.8"
| #define PACKAGE_STRING "avahi 0.8"
| #define PACKAGE_BUGREPORT "avahi (at) lists (dot) freedesktop (dot) org"
| #define PACKAGE_URL ""
| #define PACKAGE "avahi"
| #define VERSION "0.8"
| /* end confdefs.h.  */
| #include <stdarg.h>
| #include <stdbool.h>
| #include <stdlib.h>
| #include <wchar.h>
| #include <stdio.h>
| 
| // Check varargs macros.  These examples are taken from C99 6.10.3.5.
| #define debug(...) fprintf (stderr, __VA_ARGS__)
| #define showlist(...) puts (#__VA_ARGS__)
| #define report(test,...) ((test) ? puts (#test) : printf (__VA_ARGS__))
| static void
| test_varargs_macros (void)
| {
|   int x = 1234;
|   int y = 5678;
|   debug ("Flag");
|   debug ("X = %d\n", x);
|   showlist (The first, second, and third items.);
|   report (x>y, "x is %d but y is %d", x, y);
| }
| 
| // Check long long types.
| #define BIG64 18446744073709551615ull
| #define BIG32 4294967295ul
| #define BIG_OK (BIG64 / BIG32 == 4294967297ull && BIG64 % BIG32 == 0)
| #if !BIG_OK
|   your preprocessor is broken;
| #endif
| #if BIG_OK
| #else
|   your preprocessor is broken;
| #endif
| static long long int bignum = -9223372036854775807LL;
| static unsigned long long int ubignum = BIG64;
| 
| struct incomplete_array
| {
|   int datasize;
|   double data[];
| };
| 
| struct named_init {
|   int number;
|   const wchar_t *name;
|   double average;
| };
| 
| typedef const char *ccp;
| 
| static inline int
| test_restrict (ccp restrict text)
| {
|   // See if C++-style comments work.
|   // Iterate through items via the restricted pointer.
|   // Also check for declarations in for loops.
|   for (unsigned int i = 0; *(text+i) != '\0'; ++i)
|     continue;
|   return 0;
| }
| 
| // Check varargs and va_copy.
| static void
| test_varargs (const char *format, ...)
| {
|   va_list args;
|   va_start (args, format);
|   va_list args_copy;
|   va_copy (args_copy, args);
| 
|   const char *str;
|   int number;
|   float fnumber;
| 
|   while (*format)
|     {
|       switch (*format++)
| 	{
| 	case 's': // string
| 	  str = va_arg (args_copy, const char *);
| 	  break;
| 	case 'd': // int
| 	  number = va_arg (args_copy, int);
| 	  break;
| 	case 'f': // float
| 	  fnumber = va_arg (args_copy, double);
| 	  break;
| 	default:
| 	  break;
| 	}
|     }
|   va_end (args_copy);
|   va_end (args);
| }
| 
| int
| main ()
| {
| 
|   // Check bool.
|   _Bool success = false;
| 
|   // Check restrict.
|   if (test_restrict ("String literal") == 0)
|     success = true;
|   char *restrict newvar = "Another string";
| 
|   // Check varargs.
|   test_varargs ("s, d' f .", "string", 65, 34.234);
|   test_varargs_macros ();
| 
|   // Check flexible array members.
|   struct incomplete_array *ia =
|     malloc (sizeof (struct incomplete_array) + (sizeof (double) * 10));
|   ia->datasize = 10;
|   for (int i = 0; i < ia->datasize; ++i)
|     ia->data[i] = i * 1.234;
| 
|   // Check named initializers.
|   struct named_init ni = {
|     .number = 34,
|     .name = L"Test wide string",
|     .average = 543.34343,
|   };
| 
|   ni.number = 58;
| 
|   int dynamic_array[ni.number];
|   dynamic_array[ni.number - 1] = 543;
| 
|   // work around unused variable warnings
|   return (!success || bignum == 0LL || ubignum == 0uLL || newvar[0] == 'x'
| 	  || dynamic_array[ni.number - 1] != 543);
| 
|   ;
|   return 0;
| }
configure:4974: /home/wangtinghu/workspace/CORSICA_20251028_REMOVE_HTTPS_UNSAFE_CIPHERS_LIST_CSC/Corsica_adv/trunk/3rdparty/sony/avahi/../../../ti_tools/cgt_a8/arm-2010.09/bin/arm-none-linux-gnueabi-gcc -std=gnu99 -c -I/home/wangtinghu/workspace/CORSICA_20251028_REMOVE_HTTPS_UNSAFE_CIPHERS_LIST_CSC/Corsica_adv/trunk/3rdparty/sony/avahi/opt/wa/include  conftest.c >&5
configure:4974: $? = 0
configure:4994: result: -std=gnu99
configure:5016: checking for arm-none-linux-gnueabi-g++
configure:5032: found /home/wangtinghu/workspace/CORSICA_20251028_REMOVE_HTTPS_UNSAFE_CIPHERS_LIST_CSC/Corsica_adv/trunk/3rdparty/sony/avahi/../../../ti_tools/cgt_a8/arm-2010.09/bin/arm-none-linux-gnueabi-g++
configure:5043: result: arm-none-linux-gnueabi-g++
configure:5114: checking for C++ compiler version
configure:5123: arm-none-linux-gnueabi-g++ --version >&5
arm-none-linux-gnueabi-g++ (Sourcery G++ Lite 2010.09-50) 4.5.1
Copyright (C) 2010 Free Software Foundation, Inc.
This is free software; see the source for copying conditions.  There is NO
warranty; not even for MERCHANTABILITY or FITNESS FOR A PARTICULAR PURPOSE.

configure:5134: $? = 0
configure:5123: arm-none-linux-gnueabi-g++ -v >&5
Using built-in specs.
COLLECT_GCC=arm-none-linux-gnueabi-g++
COLLECT_LTO_WRAPPER=/home/wangtinghu/workspace/CORSICA_20251028_REMOVE_HTTPS_UNSAFE_CIPHERS_LIST_CSC/Corsica_adv/trunk/ti_tools/cgt_a8/arm-2010.09/bin/../libexec/gcc/arm-none-linux-gnueabi/4.5.1/lto-wrapper
Target: arm-none-linux-gnueabi
Configured with: /scratch/nathan/arm-lite/src/gcc-4.5-2010.09/configure --build=i686-pc-linux-gnu --host=i686-pc-linux-gnu --target=arm-none-linux-gnueabi --enable-threads --disable-libmudflap --disable-libssp --disable-libstdcxx-pch --enable-extra-sgxxlite-multilibs --with-arch=armv5te --with-gnu-as --with-gnu-ld --with-specs='%{save-temps: -fverbose-asm} %{funwind-tables|fno-unwind-tables|mabi=*|ffreestanding|nostdlib:;:-funwind-tables} -D__CS_SOURCERYGXX_MAJ__=2010 -D__CS_SOURCERYGXX_MIN__=9 -D__CS_SOURCERYGXX_REV__=50 %{O2:%{!fno-remove-local-statics: -fremove-local-statics}} %{O*:%{O|O0|O1|O2|Os:;:%{!fno-remove-local-statics: -fremove-local-statics}}}' --enable-languages=c,c++ --enable-shared --enable-lto --enable-symvers=gnu --enable-__cxa_atexit --with-pkgversion='Sourcery G++ Lite 2010.09-50' --with-bugurl=https://support.codesourcery.com/GNUToolchain/ --disable-nls --prefix=/opt/codesourcery --with-sysroot=/opt/codesourcery/arm-none-linux-gnueabi/libc --with-build-sysroot=/scratch/nathan/arm-lite/install/arm-none-linux-gnueabi/libc --with-gmp=/scratch/nathan/arm-lite/obj/host-libs-2010.09-50-arm-none-linux-gnueabi-i686-pc-linux-gnu/usr --with-mpfr=/scratch/nathan/arm-lite/obj/host-libs-2010.09-50-arm-none-linux-gnueabi-i686-pc-linux-gnu/usr --with-mpc=/scratch/nathan/arm-lite/obj/host-libs-2010.09-50-arm-none-linux-gnueabi-i686-pc-linux-gnu/usr --with-ppl=/scratch/nathan/arm-lite/obj/host-libs-2010.09-50-arm-none-linux-gnueabi-i686-pc-linux-gnu/usr --with-host-libstdcxx='-static-libgcc -Wl,-Bstatic,-lstdc++,-Bdynamic -lm' --with-cloog=/scratch/nathan/arm-lite/obj/host-libs-2010.09-50-arm-none-linux-gnueabi-i686-pc-linux-gnu/usr --with-libelf=/scratch/nathan/arm-lite/obj/host-libs-2010.09-50-arm-none-linux-gnueabi-i686-pc-linux-gnu/usr --disable-libgomp --enable-poison-system-directories --with-build-time-tools=/scratch/nathan/arm-lite/install/arm-none-linux-gnueabi/bin --with-build-time-tools=/scratch/nathan/arm-lite/install/arm-none-linux-gnueabi/bin
Thread model: posix
gcc version 4.5.1 (Sourcery G++ Lite 2010.09-50) 
configure:5134: $? = 0
configure:5123: arm-none-linux-gnueabi-g++ -V >&5
arm-none-linux-gnueabi-g++: '-V' option must have argument
configure:5134: $? = 1
configure:5123: arm-none-linux-gnueabi-g++ -qversion >&5
arm-none-linux-gnueabi-g++: unrecognized option '-qversion'
arm-none-linux-gnueabi-g++: no input files
configure:5134: $? = 1
configure:5138: checking whether we are using the GNU C++ compiler
configure:5157: arm-none-linux-gnueabi-g++ -c   conftest.cpp >&5
configure:5157: $? = 0
configure:5166: result: yes
configure:5175: checking whether arm-none-linux-gnueabi-g++ accepts -g
configure:5195: arm-none-linux-gnueabi-g++ -c -g  conftest.cpp >&5
configure:5195: $? = 0
configure:5236: result: yes
configure:5261: checking dependency style of arm-none-linux-gnueabi-g++
configure:5372: result: gcc3
configure:5394: checking how to run the C preprocessor
configure:5425: /home/wangtinghu/workspace/CORSICA_20251028_REMOVE_HTTPS_UNSAFE_CIPHERS_LIST_CSC/Corsica_adv/trunk/3rdparty/sony/avahi/../../../ti_tools/cgt_a8/arm-2010.09/bin/arm-none-linux-gnueabi-gcc -std=gnu99 -E  conftest.c
configure:5425: $? = 0
configure:5439: /home/wangtinghu/workspace/CORSICA_20251028_REMOVE_HTTPS_UNSAFE_CIPHERS_LIST_CSC/Corsica_adv/trunk/3rdparty/sony/avahi/../../../ti_tools/cgt_a8/arm-2010.09/bin/arm-none-linux-gnueabi-gcc -std=gnu99 -E  conftest.c
conftest.c:11:28: fatal error: ac_nonexistent.h: No such file or directory
compilation terminated.
configure:5439: $? = 1
configure: failed program was:
| /* confdefs.h */
| #define PACKAGE_NAME "avahi"
| #define PACKAGE_TARNAME "avahi"
| #define PACKAGE_VERSION "0.8"
| #define PACKAGE_STRING "avahi 0.8"
| #define PACKAGE_BUGREPORT "avahi (at) lists (dot) freedesktop (dot) org"
| #define PACKAGE_URL ""
| #define PACKAGE "avahi"
| #define VERSION "0.8"
| /* end confdefs.h.  */
| #include <ac_nonexistent.h>
configure:5464: result: /home/wangtinghu/workspace/CORSICA_20251028_REMOVE_HTTPS_UNSAFE_CIPHERS_LIST_CSC/Corsica_adv/trunk/3rdparty/sony/avahi/../../../ti_tools/cgt_a8/arm-2010.09/bin/arm-none-linux-gnueabi-gcc -std=gnu99 -E
configure:5484: /home/wangtinghu/workspace/CORSICA_20251028_REMOVE_HTTPS_UNSAFE_CIPHERS_LIST_CSC/Corsica_adv/trunk/3rdparty/sony/avahi/../../../ti_tools/cgt_a8/arm-2010.09/bin/arm-none-linux-gnueabi-gcc -std=gnu99 -E  conftest.c
configure:5484: $? = 0
configure:5498: /home/wangtinghu/workspace/CORSICA_20251028_REMOVE_HTTPS_UNSAFE_CIPHERS_LIST_CSC/Corsica_adv/trunk/3rdparty/sony/avahi/../../../ti_tools/cgt_a8/arm-2010.09/bin/arm-none-linux-gnueabi-gcc -std=gnu99 -E  conftest.c
conftest.c:11:28: fatal error: ac_nonexistent.h: No such file or directory
compilation terminated.
configure:5498: $? = 1
configure: failed program was:
| /* confdefs.h */
| #define PACKAGE_NAME "avahi"
| #define PACKAGE_TARNAME "avahi"
| #define PACKAGE_VERSION "0.8"
| #define PACKAGE_STRING "avahi 0.8"
| #define PACKAGE_BUGREPORT "avahi (at) lists (dot) freedesktop (dot) org"
| #define PACKAGE_URL ""
| #define PACKAGE "avahi"
| #define VERSION "0.8"
| /* end confdefs.h.  */
| #include <ac_nonexistent.h>
configure:5527: checking for grep that handles long lines and -e
configure:5585: result: /bin/grep
configure:5590: checking for egrep
configure:5652: result: /bin/grep -E
configure:5657: checking for ANSI C header files
configure:5677: /home/wangtinghu/workspace/CORSICA_20251028_REMOVE_HTTPS_UNSAFE_CIPHERS_LIST_CSC/Corsica_adv/trunk/3rdparty/sony/avahi/../../../ti_tools/cgt_a8/arm-2010.09/bin/arm-none-linux-gnueabi-gcc -std=gnu99 -c -I/home/wangtinghu/workspace/CORSICA_20251028_REMOVE_HTTPS_UNSAFE_CIPHERS_LIST_CSC/Corsica_adv/trunk/3rdparty/sony/avahi/opt/wa/include  conftest.c >&5
configure:5677: $? = 0
configure:5761: result: yes
configure:5774: checking for sys/types.h
configure:5774: /home/wangtinghu/workspace/CORSICA_20251028_REMOVE_HTTPS_UNSAFE_CIPHERS_LIST_CSC/Corsica_adv/trunk/3rdparty/sony/avahi/../../../ti_tools/cgt_a8/arm-2010.09/bin/arm-none-linux-gnueabi-gcc -std=gnu99 -c -I/home/wangtinghu/workspace/CORSICA_20251028_REMOVE_HTTPS_UNSAFE_CIPHERS_LIST_CSC/Corsica_adv/trunk/3rdparty/sony/avahi/opt/wa/include  conftest.c >&5
configure:5774: $? = 0
configure:5774: result: yes
configure:5774: checking for sys/stat.h
configure:5774: /home/wangtinghu/workspace/CORSICA_20251028_REMOVE_HTTPS_UNSAFE_CIPHERS_LIST_CSC/Corsica_adv/trunk/3rdparty/sony/avahi/../../../ti_tools/cgt_a8/arm-2010.09/bin/arm-none-linux-gnueabi-gcc -std=gnu99 -c -I/home/wangtinghu/workspace/CORSICA_20251028_REMOVE_HTTPS_UNSAFE_CIPHERS_LIST_CSC/Corsica_adv/trunk/3rdparty/sony/avahi/opt/wa/include  conftest.c >&5
configure:5774: $? = 0
configure:5774: result: yes
configure:5774: checking for stdlib.h
configure:5774: /home/wangtinghu/workspace/CORSICA_20251028_REMOVE_HTTPS_UNSAFE_CIPHERS_LIST_CSC/Corsica_adv/trunk/3rdparty/sony/avahi/../../../ti_tools/cgt_a8/arm-2010.09/bin/arm-none-linux-gnueabi-gcc -std=gnu99 -c -I/home/wangtinghu/workspace/CORSICA_20251028_REMOVE_HTTPS_UNSAFE_CIPHERS_LIST_CSC/Corsica_adv/trunk/3rdparty/sony/avahi/opt/wa/include  conftest.c >&5
configure:5774: $? = 0
configure:5774: result: yes
configure:5774: checking for string.h
configure:5774: /home/wangtinghu/workspace/CORSICA_20251028_REMOVE_HTTPS_UNSAFE_CIPHERS_LIST_CSC/Corsica_adv/trunk/3rdparty/sony/avahi/../../../ti_tools/cgt_a8/arm-2010.09/bin/arm-none-linux-gnueabi-gcc -std=gnu99 -c -I/home/wangtinghu/workspace/CORSICA_20251028_REMOVE_HTTPS_UNSAFE_CIPHERS_LIST_CSC/Corsica_adv/trunk/3rdparty/sony/avahi/opt/wa/include  conftest.c >&5
configure:5774: $? = 0
configure:5774: result: yes
configure:5774: checking for memory.h
configure:5774: /home/wangtinghu/workspace/CORSICA_20251028_REMOVE_HTTPS_UNSAFE_CIPHERS_LIST_CSC/Corsica_adv/trunk/3rdparty/sony/avahi/../../../ti_tools/cgt_a8/arm-2010.09/bin/arm-none-linux-gnueabi-gcc -std=gnu99 -c -I/home/wangtinghu/workspace/CORSICA_20251028_REMOVE_HTTPS_UNSAFE_CIPHERS_LIST_CSC/Corsica_adv/trunk/3rdparty/sony/avahi/opt/wa/include  conftest.c >&5
configure:5774: $? = 0
configure:5774: result: yes
configure:5774: checking for strings.h
configure:5774: /home/wangtinghu/workspace/CORSICA_20251028_REMOVE_HTTPS_UNSAFE_CIPHERS_LIST_CSC/Corsica_adv/trunk/3rdparty/sony/avahi/../../../ti_tools/cgt_a8/arm-2010.09/bin/arm-none-linux-gnueabi-gcc -std=gnu99 -c -I/home/wangtinghu/workspace/CORSICA_20251028_REMOVE_HTTPS_UNSAFE_CIPHERS_LIST_CSC/Corsica_adv/trunk/3rdparty/sony/avahi/opt/wa/include  conftest.c >&5
configure:5774: $? = 0
configure:5774: result: yes
configure:5774: checking for inttypes.h
configure:5774: /home/wangtinghu/workspace/CORSICA_20251028_REMOVE_HTTPS_UNSAFE_CIPHERS_LIST_CSC/Corsica_adv/trunk/3rdparty/sony/avahi/../../../ti_tools/cgt_a8/arm-2010.09/bin/arm-none-linux-gnueabi-gcc -std=gnu99 -c -I/home/wangtinghu/workspace/CORSICA_20251028_REMOVE_HTTPS_UNSAFE_CIPHERS_LIST_CSC/Corsica_adv/trunk/3rdparty/sony/avahi/opt/wa/include  conftest.c >&5
configure:5774: $? = 0
configure:5774: result: yes
configure:5774: checking for stdint.h
configure:5774: /home/wangtinghu/workspace/CORSICA_20251028_REMOVE_HTTPS_UNSAFE_CIPHERS_LIST_CSC/Corsica_adv/trunk/3rdparty/sony/avahi/../../../ti_tools/cgt_a8/arm-2010.09/bin/arm-none-linux-gnueabi-gcc -std=gnu99 -c -I/home/wangtinghu/workspace/CORSICA_20251028_REMOVE_HTTPS_UNSAFE_CIPHERS_LIST_CSC/Corsica_adv/trunk/3rdparty/sony/avahi/opt/wa/include  conftest.c >&5
configure:5774: $? = 0
configure:5774: result: yes
configure:5774: checking for unistd.h
configure:5774: /home/wangtinghu/workspace/CORSICA_20251028_REMOVE_HTTPS_UNSAFE_CIPHERS_LIST_CSC/Corsica_adv/trunk/3rdparty/sony/avahi/../../../ti_tools/cgt_a8/arm-2010.09/bin/arm-none-linux-gnueabi-gcc -std=gnu99 -c -I/home/wangtinghu/workspace/CORSICA_20251028_REMOVE_HTTPS_UNSAFE_CIPHERS_LIST_CSC/Corsica_adv/trunk/3rdparty/sony/avahi/opt/wa/include  conftest.c >&5
configure:5774: $? = 0
configure:5774: result: yes
configure:5787: checking minix/config.h usability
configure:5787: /home/wangtinghu/workspace/CORSICA_20251028_REMOVE_HTTPS_UNSAFE_CIPHERS_LIST_CSC/Corsica_adv/trunk/3rdparty/sony/avahi/../../../ti_tools/cgt_a8/arm-2010.09/bin/arm-none-linux-gnueabi-gcc -std=gnu99 -c -I/home/wangtinghu/workspace/CORSICA_20251028_REMOVE_HTTPS_UNSAFE_CIPHERS_LIST_CSC/Corsica_adv/trunk/3rdparty/sony/avahi/opt/wa/include  conftest.c >&5
conftest.c:54:26: fatal error: minix/config.h: No such file or directory
compilation terminated.
configure:5787: $? = 1
configure: failed program was:
| /* confdefs.h */
| #define PACKAGE_NAME "avahi"
| #define PACKAGE_TARNAME "avahi"
| #define PACKAGE_VERSION "0.8"
| #define PACKAGE_STRING "avahi 0.8"
| #define PACKAGE_BUGREPORT "avahi (at) lists (dot) freedesktop (dot) org"
| #define PACKAGE_URL ""
| #define PACKAGE "avahi"
| #define VERSION "0.8"
| #define STDC_HEADERS 1
| #define HAVE_SYS_TYPES_H 1
| #define HAVE_SYS_STAT_H 1
| #define HAVE_STDLIB_H 1
| #define HAVE_STRING_H 1
| #define HAVE_MEMORY_H 1
| #define HAVE_STRINGS_H 1
| #define HAVE_INTTYPES_H 1
| #define HAVE_STDINT_H 1
| #define HAVE_UNISTD_H 1
| /* end confdefs.h.  */
| #include <stdio.h>
| #ifdef HAVE_SYS_TYPES_H
| # include <sys/types.h>
| #endif
| #ifdef HAVE_SYS_STAT_H
| # include <sys/stat.h>
| #endif
| #ifdef STDC_HEADERS
| # include <stdlib.h>
| # include <stddef.h>
| #else
| # ifdef HAVE_STDLIB_H
| #  include <stdlib.h>
| # endif
| #endif
| #ifdef HAVE_STRING_H
| # if !defined STDC_HEADERS && defined HAVE_MEMORY_H
| #  include <memory.h>
| # endif
| # include <string.h>
| #endif
| #ifdef HAVE_STRINGS_H
| # include <strings.h>
| #endif
| #ifdef HAVE_INTTYPES_H
| # include <inttypes.h>
| #endif
| #ifdef HAVE_STDINT_H
| # include <stdint.h>
| #endif
| #ifdef HAVE_UNISTD_H
| # include <unistd.h>
| #endif
| #include <minix/config.h>
configure:5787: result: no
configure:5787: checking minix/config.h presence
configure:5787: /home/wangtinghu/workspace/CORSICA_20251028_REMOVE_HTTPS_UNSAFE_CIPHERS_LIST_CSC/Corsica_adv/trunk/3rdparty/sony/avahi/../../../ti_tools/cgt_a8/arm-2010.09/bin/arm-none-linux-gnueabi-gcc -std=gnu99 -E  conftest.c
conftest.c:21:26: fatal error: minix/config.h: No such file or directory
compilation terminated.
configure:5787: $? = 1
configure: failed program was:
| /* confdefs.h */
| #define PACKAGE_NAME "avahi"
| #define PACKAGE_TARNAME "avahi"
| #define PACKAGE_VERSION "0.8"
| #define PACKAGE_STRING "avahi 0.8"
| #define PACKAGE_BUGREPORT "avahi (at) lists (dot) freedesktop (dot) org"
| #define PACKAGE_URL ""
| #define PACKAGE "avahi"
| #define VERSION "0.8"
| #define STDC_HEADERS 1
| #define HAVE_SYS_TYPES_H 1
| #define HAVE_SYS_STAT_H 1
| #define HAVE_STDLIB_H 1
| #define HAVE_STRING_H 1
| #define HAVE_MEMORY_H 1
| #define HAVE_STRINGS_H 1
| #define HAVE_INTTYPES_H 1
| #define HAVE_STDINT_H 1
| #define HAVE_UNISTD_H 1
| /* end confdefs.h.  */
| #include <minix/config.h>
configure:5787: result: no
configure:5787: checking for minix/config.h
configure:5787: result: no
configure:5808: checking whether it is safe to define __EXTENSIONS__
configure:5826: /home/wangtinghu/workspace/CORSICA_20251028_REMOVE_HTTPS_UNSAFE_CIPHERS_LIST_CSC/Corsica_adv/trunk/3rdparty/sony/avahi/../../../ti_tools/cgt_a8/arm-2010.09/bin/arm-none-linux-gnueabi-gcc -std=gnu99 -c -I/home/wangtinghu/workspace/CORSICA_20251028_REMOVE_HTTPS_UNSAFE_CIPHERS_LIST_CSC/Corsica_adv/trunk/3rdparty/sony/avahi/opt/wa/include  conftest.c >&5
configure:5826: $? = 0
configure:5833: result: yes
configure:5852: checking how to run the C preprocessor
configure:5922: result: /home/wangtinghu/workspace/CORSICA_20251028_REMOVE_HTTPS_UNSAFE_CIPHERS_LIST_CSC/Corsica_adv/trunk/3rdparty/sony/avahi/../../../ti_tools/cgt_a8/arm-2010.09/bin/arm-none-linux-gnueabi-gcc -std=gnu99 -E
configure:5942: /home/wangtinghu/workspace/CORSICA_20251028_REMOVE_HTTPS_UNSAFE_CIPHERS_LIST_CSC/Corsica_adv/trunk/3rdparty/sony/avahi/../../../ti_tools/cgt_a8/arm-2010.09/bin/arm-none-linux-gnueabi-gcc -std=gnu99 -E  conftest.c
configure:5942: $? = 0
configure:5956: /home/wangtinghu/workspace/CORSICA_20251028_REMOVE_HTTPS_UNSAFE_CIPHERS_LIST_CSC/Corsica_adv/trunk/3rdparty/sony/avahi/../../../ti_tools/cgt_a8/arm-2010.09/bin/arm-none-linux-gnueabi-gcc -std=gnu99 -E  conftest.c
conftest.c:26:28: fatal error: ac_nonexistent.h: No such file or directory
compilation terminated.
configure:5956: $? = 1
configure: failed program was:
| /* confdefs.h */
| #define PACKAGE_NAME "avahi"
| #define PACKAGE_TARNAME "avahi"
| #define PACKAGE_VERSION "0.8"
| #define PACKAGE_STRING "avahi 0.8"
| #define PACKAGE_BUGREPORT "avahi (at) lists (dot) freedesktop (dot) org"
| #define PACKAGE_URL ""
| #define PACKAGE "avahi"
| #define VERSION "0.8"
| #define STDC_HEADERS 1
| #define HAVE_SYS_TYPES_H 1
| #define HAVE_SYS_STAT_H 1
| #define HAVE_STDLIB_H 1
| #define HAVE_STRING_H 1
| #define HAVE_MEMORY_H 1
| #define HAVE_STRINGS_H 1
| #define HAVE_INTTYPES_H 1
| #define HAVE_STDINT_H 1
| #define HAVE_UNISTD_H 1
| #define __EXTENSIONS__ 1
| #define _ALL_SOURCE 1
| #define _GNU_SOURCE 1
| #define _POSIX_PTHREAD_SEMANTICS 1
| #define _TANDEM_SOURCE 1
| /* end confdefs.h.  */
| #include <ac_nonexistent.h>
configure:5986: checking whether ln -s works
configure:5990: result: yes
configure:5997: checking whether make sets $(MAKE)
configure:6019: result: yes
configure:6029: checking whether /home/wangtinghu/workspace/CORSICA_20251028_REMOVE_HTTPS_UNSAFE_CIPHERS_LIST_CSC/Corsica_adv/trunk/3rdparty/sony/avahi/../../../ti_tools/cgt_a8/arm-2010.09/bin/arm-none-linux-gnueabi-gcc -std=gnu99 needs -traditional
configure:6063: result: no
configure:6098: checking whether libssp exists
configure:6116: /home/wangtinghu/workspace/CORSICA_20251028_REMOVE_HTTPS_UNSAFE_CIPHERS_LIST_CSC/Corsica_adv/trunk/3rdparty/sony/avahi/../../../ti_tools/cgt_a8/arm-2010.09/bin/arm-none-linux-gnueabi-gcc -std=gnu99 -o conftest -I/home/wangtinghu/workspace/CORSICA_20251028_REMOVE_HTTPS_UNSAFE_CIPHERS_LIST_CSC/Corsica_adv/trunk/3rdparty/sony/avahi/opt/wa/include  -static -static-libgcc -L/home/wangtinghu/workspace/CORSICA_20251028_REMOVE_HTTPS_UNSAFE_CIPHERS_LIST_CSC/Corsica_adv/trunk/3rdparty/sony/avahi/opt/wa/lib conftest.c  -lssp >&5
/home/wangtinghu/workspace/CORSICA_20251028_REMOVE_HTTPS_UNSAFE_CIPHERS_LIST_CSC/Corsica_adv/trunk/ti_tools/cgt_a8/arm-2010.09/bin/../lib/gcc/arm-none-linux-gnueabi/4.5.1/../../../../arm-none-linux-gnueabi/bin/ld: cannot find -lssp
collect2: ld returned 1 exit status
configure:6116: $? = 1
configure: failed program was:
| /* confdefs.h */
| #define PACKAGE_NAME "avahi"
| #define PACKAGE_TARNAME "avahi"
| #define PACKAGE_VERSION "0.8"
| #define PACKAGE_STRING "avahi 0.8"
| #define PACKAGE_BUGREPORT "avahi (at) lists (dot) freedesktop (dot) org"
| #define PACKAGE_URL ""
| #define PACKAGE "avahi"
| #define VERSION "0.8"
| #define STDC_HEADERS 1
| #define HAVE_SYS_TYPES_H 1
| #define HAVE_SYS_STAT_H 1
| #define HAVE_STDLIB_H 1
| #define HAVE_STRING_H 1
| #define HAVE_MEMORY_H 1
| #define HAVE_STRINGS_H 1
| #define HAVE_INTTYPES_H 1
| #define HAVE_STDINT_H 1
| #define HAVE_UNISTD_H 1
| #define __EXTENSIONS__ 1
| #define _ALL_SOURCE 1
| #define _GNU_SOURCE 1
| #define _POSIX_PTHREAD_SEMANTICS 1
| #define _TANDEM_SOURCE 1
| /* end confdefs.h.  */
| 
| int
| main ()
| {
| 
|   ;
|   return 0;
| }
configure:6126: result: no
configure:6133: checking whether stack-smashing protection is available
configure:6154: result: yes
configure:6156: checking whether stack-smashing protection is buggy
configure:6162: result: yes
configure:6323: checking how to print strings
configure:6350: result: printf
configure:6371: checking for a sed that does not truncate output
configure:6435: result: /bin/sed
configure:6453: checking for fgrep
configure:6515: result: /bin/grep -F
configure:6550: checking for ld used by /home/wangtinghu/workspace/CORSICA_20251028_REMOVE_HTTPS_UNSAFE_CIPHERS_LIST_CSC/Corsica_adv/trunk/3rdparty/sony/avahi/../../../ti_tools/cgt_a8/arm-2010.09/bin/arm-none-linux-gnueabi-gcc -std=gnu99
configure:6617: result: /home/wangtinghu/workspace/CORSICA_20251028_REMOVE_HTTPS_UNSAFE_CIPHERS_LIST_CSC/Corsica_adv/trunk/ti_tools/cgt_a8/arm-2010.09/arm-none-linux-gnueabi/bin/ld
configure:6624: checking if the linker (/home/wangtinghu/workspace/CORSICA_20251028_REMOVE_HTTPS_UNSAFE_CIPHERS_LIST_CSC/Corsica_adv/trunk/ti_tools/cgt_a8/arm-2010.09/arm-none-linux-gnueabi/bin/ld) is GNU ld
configure:6639: result: yes
configure:6651: checking for BSD- or MS-compatible name lister (nm)
configure:6705: result: /home/wangtinghu/workspace/CORSICA_20251028_REMOVE_HTTPS_UNSAFE_CIPHERS_LIST_CSC/Corsica_adv/trunk/3rdparty/sony/avahi/../../../ti_tools/cgt_a8/arm-2010.09/bin/arm-none-linux-gnueabi-nm -B
configure:6835: checking the name lister (/home/wangtinghu/workspace/CORSICA_20251028_REMOVE_HTTPS_UNSAFE_CIPHERS_LIST_CSC/Corsica_adv/trunk/3rdparty/sony/avahi/../../../ti_tools/cgt_a8/arm-2010.09/bin/arm-none-linux-gnueabi-nm -B) interface
configure:6842: /home/wangtinghu/workspace/CORSICA_20251028_REMOVE_HTTPS_UNSAFE_CIPHERS_LIST_CSC/Corsica_adv/trunk/3rdparty/sony/avahi/../../../ti_tools/cgt_a8/arm-2010.09/bin/arm-none-linux-gnueabi-gcc -std=gnu99 -c -I/home/wangtinghu/workspace/CORSICA_20251028_REMOVE_HTTPS_UNSAFE_CIPHERS_LIST_CSC/Corsica_adv/trunk/3rdparty/sony/avahi/opt/wa/include  conftest.c >&5
configure:6845: /home/wangtinghu/workspace/CORSICA_20251028_REMOVE_HTTPS_UNSAFE_CIPHERS_LIST_CSC/Corsica_adv/trunk/3rdparty/sony/avahi/../../../ti_tools/cgt_a8/arm-2010.09/bin/arm-none-linux-gnueabi-nm -B "conftest.o"
configure:6848: output
00000000 B some_variable
configure:6849: result: BSD nm
configure:6853: checking the maximum length of command line arguments
configure:6984: result: 1572864
configure:7032: checking how to convert i686-pc-linux-gnu file names to arm-none-linux-gnueabi format
configure:7072: result: func_convert_file_noop
configure:7079: checking how to convert i686-pc-linux-gnu file names to toolchain format
configure:7099: result: func_convert_file_noop
configure:7106: checking for /home/wangtinghu/workspace/CORSICA_20251028_REMOVE_HTTPS_UNSAFE_CIPHERS_LIST_CSC/Corsica_adv/trunk/ti_tools/cgt_a8/arm-2010.09/arm-none-linux-gnueabi/bin/ld option to reload object files
configure:7113: result: -r
configure:7147: checking for arm-none-linux-gnueabi-objdump
configure:7163: found /home/wangtinghu/workspace/CORSICA_20251028_REMOVE_HTTPS_UNSAFE_CIPHERS_LIST_CSC/Corsica_adv/trunk/3rdparty/sony/avahi/../../../ti_tools/cgt_a8/arm-2010.09/bin/arm-none-linux-gnueabi-objdump
configure:7174: result: arm-none-linux-gnueabi-objdump
configure:7246: checking how to recognize dependent libraries
configure:7446: result: pass_all
configure:7491: checking for arm-none-linux-gnueabi-dlltool
configure:7521: result: no
configure:7531: checking for dlltool
configure:7561: result: no
configure:7591: checking how to associate runtime and link libraries
configure:7618: result: printf %s\n
configure:7634: checking for arm-none-linux-gnueabi-ar
configure:7650: found /home/wangtinghu/workspace/CORSICA_20251028_REMOVE_HTTPS_UNSAFE_CIPHERS_LIST_CSC/Corsica_adv/trunk/3rdparty/sony/avahi/../../../ti_tools/cgt_a8/arm-2010.09/bin/arm-none-linux-gnueabi-ar
configure:7661: result: arm-none-linux-gnueabi-ar
configure:7742: checking for archiver @FILE support
configure:7759: /home/wangtinghu/workspace/CORSICA_20251028_REMOVE_HTTPS_UNSAFE_CIPHERS_LIST_CSC/Corsica_adv/trunk/3rdparty/sony/avahi/../../../ti_tools/cgt_a8/arm-2010.09/bin/arm-none-linux-gnueabi-gcc -std=gnu99 -c -I/home/wangtinghu/workspace/CORSICA_20251028_REMOVE_HTTPS_UNSAFE_CIPHERS_LIST_CSC/Corsica_adv/trunk/3rdparty/sony/avahi/opt/wa/include  conftest.c >&5
configure:7759: $? = 0
configure:7762: arm-none-linux-gnueabi-ar cru libconftest.a @conftest.lst >&5
configure:7765: $? = 0
configure:7770: arm-none-linux-gnueabi-ar cru libconftest.a @conftest.lst >&5
arm-none-linux-gnueabi-ar: conftest.o: No such file or directory
configure:7773: $? = 1
configure:7772: result: @
configure:7790: checking for arm-none-linux-gnueabi-strip
configure:7817: result: arm-none-linux-gnueabi-strip
configure:7889: checking for arm-none-linux-gnueabi-ranlib
configure:7905: found /home/wangtinghu/workspace/CORSICA_20251028_REMOVE_HTTPS_UNSAFE_CIPHERS_LIST_CSC/Corsica_adv/trunk/3rdparty/sony/avahi/../../../ti_tools/cgt_a8/arm-2010.09/bin/arm-none-linux-gnueabi-ranlib
configure:7916: result: arm-none-linux-gnueabi-ranlib
configure:8058: checking command to parse /home/wangtinghu/workspace/CORSICA_20251028_REMOVE_HTTPS_UNSAFE_CIPHERS_LIST_CSC/Corsica_adv/trunk/3rdparty/sony/avahi/../../../ti_tools/cgt_a8/arm-2010.09/bin/arm-none-linux-gnueabi-nm -B output from /home/wangtinghu/workspace/CORSICA_20251028_REMOVE_HTTPS_UNSAFE_CIPHERS_LIST_CSC/Corsica_adv/trunk/3rdparty/sony/avahi/../../../ti_tools/cgt_a8/arm-2010.09/bin/arm-none-linux-gnueabi-gcc -std=gnu99 object
configure:8211: /home/wangtinghu/workspace/CORSICA_20251028_REMOVE_HTTPS_UNSAFE_CIPHERS_LIST_CSC/Corsica_adv/trunk/3rdparty/sony/avahi/../../../ti_tools/cgt_a8/arm-2010.09/bin/arm-none-linux-gnueabi-gcc -std=gnu99 -c -I/home/wangtinghu/workspace/CORSICA_20251028_REMOVE_HTTPS_UNSAFE_CIPHERS_LIST_CSC/Corsica_adv/trunk/3rdparty/sony/avahi/opt/wa/include  conftest.c >&5
configure:8214: $? = 0
configure:8218: /home/wangtinghu/workspace/CORSICA_20251028_REMOVE_HTTPS_UNSAFE_CIPHERS_LIST_CSC/Corsica_adv/trunk/3rdparty/sony/avahi/../../../ti_tools/cgt_a8/arm-2010.09/bin/arm-none-linux-gnueabi-nm -B conftest.o \| sed -n -e 's/^.*[ ]\([ABCDGIRSTW][ABCDGIRSTW]*\)[ ][ ]*\([_A-Za-z][_A-Za-z0-9]*\)$/\1 \2 \2/p' | sed '/ __gnu_lto/d' \> conftest.nm
configure:8221: $? = 0
configure:8287: /home/wangtinghu/workspace/CORSICA_20251028_REMOVE_HTTPS_UNSAFE_CIPHERS_LIST_CSC/Corsica_adv/trunk/3rdparty/sony/avahi/../../../ti_tools/cgt_a8/arm-2010.09/bin/arm-none-linux-gnueabi-gcc -std=gnu99 -o conftest -I/home/wangtinghu/workspace/CORSICA_20251028_REMOVE_HTTPS_UNSAFE_CIPHERS_LIST_CSC/Corsica_adv/trunk/3rdparty/sony/avahi/opt/wa/include  -static -static-libgcc -L/home/wangtinghu/workspace/CORSICA_20251028_REMOVE_HTTPS_UNSAFE_CIPHERS_LIST_CSC/Corsica_adv/trunk/3rdparty/sony/avahi/opt/wa/lib conftest.c conftstm.o >&5
configure:8290: $? = 0
configure:8328: result: ok
configure:8375: checking for sysroot
configure:8405: result: no
configure:8412: checking for a working dd
configure:8450: result: /bin/dd
configure:8454: checking how to truncate binary pipes
configure:8469: result: /bin/dd bs=4096 count=1
configure:8758: checking for arm-none-linux-gnueabi-mt
configure:8788: result: no
configure:8798: checking for mt
configure:8814: found /bin/mt
configure:8825: result: mt
configure:8837: WARNING: using cross tools not prefixed with host triplet
configure:8848: checking if mt is a manifest tool
configure:8854: mt '-?'
configure:8862: result: no
configure:9536: checking for dlfcn.h
configure:9536: /home/wangtinghu/workspace/CORSICA_20251028_REMOVE_HTTPS_UNSAFE_CIPHERS_LIST_CSC/Corsica_adv/trunk/3rdparty/sony/avahi/../../../ti_tools/cgt_a8/arm-2010.09/bin/arm-none-linux-gnueabi-gcc -std=gnu99 -c -I/home/wangtinghu/workspace/CORSICA_20251028_REMOVE_HTTPS_UNSAFE_CIPHERS_LIST_CSC/Corsica_adv/trunk/3rdparty/sony/avahi/opt/wa/include  conftest.c >&5
configure:9536: $? = 0
configure:9536: result: yes
configure:9802: checking for objdir
configure:9817: result: .libs
configure:10081: checking if /home/wangtinghu/workspace/CORSICA_20251028_REMOVE_HTTPS_UNSAFE_CIPHERS_LIST_CSC/Corsica_adv/trunk/3rdparty/sony/avahi/../../../ti_tools/cgt_a8/arm-2010.09/bin/arm-none-linux-gnueabi-gcc -std=gnu99 supports -fno-rtti -fno-exceptions
configure:10099: /home/wangtinghu/workspace/CORSICA_20251028_REMOVE_HTTPS_UNSAFE_CIPHERS_LIST_CSC/Corsica_adv/trunk/3rdparty/sony/avahi/../../../ti_tools/cgt_a8/arm-2010.09/bin/arm-none-linux-gnueabi-gcc -std=gnu99 -c -I/home/wangtinghu/workspace/CORSICA_20251028_REMOVE_HTTPS_UNSAFE_CIPHERS_LIST_CSC/Corsica_adv/trunk/3rdparty/sony/avahi/opt/wa/include  -fno-rtti -fno-exceptions conftest.c >&5
cc1: warning: command line option "-fno-rtti" is valid for C++/ObjC++ but not for C
configure:10103: $? = 0
configure:10116: result: no
configure:10474: checking for /home/wangtinghu/workspace/CORSICA_20251028_REMOVE_HTTPS_UNSAFE_CIPHERS_LIST_CSC/Corsica_adv/trunk/3rdparty/sony/avahi/../../../ti_tools/cgt_a8/arm-2010.09/bin/arm-none-linux-gnueabi-gcc -std=gnu99 option to produce PIC
configure:10481: result: -fPIC -DPIC
configure:10489: checking if /home/wangtinghu/workspace/CORSICA_20251028_REMOVE_HTTPS_UNSAFE_CIPHERS_LIST_CSC/Corsica_adv/trunk/3rdparty/sony/avahi/../../../ti_tools/cgt_a8/arm-2010.09/bin/arm-none-linux-gnueabi-gcc -std=gnu99 PIC flag -fPIC -DPIC works
configure:10507: /home/wangtinghu/workspace/CORSICA_20251028_REMOVE_HTTPS_UNSAFE_CIPHERS_LIST_CSC/Corsica_adv/trunk/3rdparty/sony/avahi/../../../ti_tools/cgt_a8/arm-2010.09/bin/arm-none-linux-gnueabi-gcc -std=gnu99 -c -I/home/wangtinghu/workspace/CORSICA_20251028_REMOVE_HTTPS_UNSAFE_CIPHERS_LIST_CSC/Corsica_adv/trunk/3rdparty/sony/avahi/opt/wa/include  -fPIC -DPIC -DPIC conftest.c >&5
configure:10511: $? = 0
configure:10524: result: yes
configure:10553: checking if /home/wangtinghu/workspace/CORSICA_20251028_REMOVE_HTTPS_UNSAFE_CIPHERS_LIST_CSC/Corsica_adv/trunk/3rdparty/sony/avahi/../../../ti_tools/cgt_a8/arm-2010.09/bin/arm-none-linux-gnueabi-gcc -std=gnu99 static flag -static works
configure:10581: result: yes
configure:10596: checking if /home/wangtinghu/workspace/CORSICA_20251028_REMOVE_HTTPS_UNSAFE_CIPHERS_LIST_CSC/Corsica_adv/trunk/3rdparty/sony/avahi/../../../ti_tools/cgt_a8/arm-2010.09/bin/arm-none-linux-gnueabi-gcc -std=gnu99 supports -c -o file.o
configure:10617: /home/wangtinghu/workspace/CORSICA_20251028_REMOVE_HTTPS_UNSAFE_CIPHERS_LIST_CSC/Corsica_adv/trunk/3rdparty/sony/avahi/../../../ti_tools/cgt_a8/arm-2010.09/bin/arm-none-linux-gnueabi-gcc -std=gnu99 -c -I/home/wangtinghu/workspace/CORSICA_20251028_REMOVE_HTTPS_UNSAFE_CIPHERS_LIST_CSC/Corsica_adv/trunk/3rdparty/sony/avahi/opt/wa/include  -o out/conftest2.o conftest.c >&5
configure:10621: $? = 0
configure:10643: result: yes
configure:10651: checking if /home/wangtinghu/workspace/CORSICA_20251028_REMOVE_HTTPS_UNSAFE_CIPHERS_LIST_CSC/Corsica_adv/trunk/3rdparty/sony/avahi/../../../ti_tools/cgt_a8/arm-2010.09/bin/arm-none-linux-gnueabi-gcc -std=gnu99 supports -c -o file.o
configure:10698: result: yes
configure:10731: checking whether the /home/wangtinghu/workspace/CORSICA_20251028_REMOVE_HTTPS_UNSAFE_CIPHERS_LIST_CSC/Corsica_adv/trunk/3rdparty/sony/avahi/../../../ti_tools/cgt_a8/arm-2010.09/bin/arm-none-linux-gnueabi-gcc -std=gnu99 linker (/home/wangtinghu/workspace/CORSICA_20251028_REMOVE_HTTPS_UNSAFE_CIPHERS_LIST_CSC/Corsica_adv/trunk/ti_tools/cgt_a8/arm-2010.09/arm-none-linux-gnueabi/bin/ld) supports shared libraries
configure:11994: result: yes
configure:12234: checking dynamic linker characteristics
configure:12815: /home/wangtinghu/workspace/CORSICA_20251028_REMOVE_HTTPS_UNSAFE_CIPHERS_LIST_CSC/Corsica_adv/trunk/3rdparty/sony/avahi/../../../ti_tools/cgt_a8/arm-2010.09/bin/arm-none-linux-gnueabi-gcc -std=gnu99 -o conftest -I/home/wangtinghu/workspace/CORSICA_20251028_REMOVE_HTTPS_UNSAFE_CIPHERS_LIST_CSC/Corsica_adv/trunk/3rdparty/sony/avahi/opt/wa/include  -static -static-libgcc -L/home/wangtinghu/workspace/CORSICA_20251028_REMOVE_HTTPS_UNSAFE_CIPHERS_LIST_CSC/Corsica_adv/trunk/3rdparty/sony/avahi/opt/wa/lib -Wl,-rpath -Wl,/foo conftest.c  >&5
configure:12815: $? = 0
configure:13064: result: GNU/Linux ld.so
configure:13186: checking how to hardcode library paths into programs
configure:13211: result: immediate
configure:13759: checking whether stripping libraries is possible
configure:13764: result: yes
configure:13799: checking if libtool supports shared libraries
configure:13801: result: yes
configure:13804: checking whether to build shared libraries
configure:13829: result: no
configure:13832: checking whether to build static libraries
configure:13836: result: yes
configure:10635: checking how to run the C++ preprocessor
configure:10662: arm-none-linux-gnueabi-g++ -E  conftest.cpp
configure:10662: $? = 0
configure:10676: arm-none-linux-gnueabi-g++ -E  conftest.cpp
conftest.cpp:28:28: fatal error: ac_nonexistent.h: No such file or directory
compilation terminated.
configure:10676: $? = 1
configure: failed program was:
| /* confdefs.h */
| #define PACKAGE_NAME "avahi"
| #define PACKAGE_TARNAME "avahi"
| #define PACKAGE_VERSION "0.8"
| #define PACKAGE_STRING "avahi 0.8"
| #define PACKAGE_BUGREPORT "avahi (at) lists (dot) freedesktop (dot) org"
| #define PACKAGE_URL ""
| #define PACKAGE "avahi"
| #define VERSION "0.8"
| #define STDC_HEADERS 1
| #define HAVE_SYS_TYPES_H 1
| #define HAVE_SYS_STAT_H 1
| #define HAVE_STDLIB_H 1
| #define HAVE_STRING_H 1
| #define HAVE_MEMORY_H 1
| #define HAVE_STRINGS_H 1
| #define HAVE_INTTYPES_H 1
| #define HAVE_STDINT_H 1
| #define HAVE_UNISTD_H 1
| #define __EXTENSIONS__ 1
| #define _ALL_SOURCE 1
| #define _GNU_SOURCE 1
| #define _POSIX_PTHREAD_SEMANTICS 1
| #define _TANDEM_SOURCE 1
| #define HAVE_DLFCN_H 1
| #define LT_OBJDIR ".libs/"
| /* end confdefs.h.  */
| #include <ac_nonexistent.h>
configure:10701: result: arm-none-linux-gnueabi-g++ -E
configure:10721: arm-none-linux-gnueabi-g++ -E  conftest.cpp
configure:10721: $? = 0
configure:10735: arm-none-linux-gnueabi-g++ -E  conftest.cpp
conftest.cpp:28:28: fatal error: ac_nonexistent.h: No such file or directory
compilation terminated.
configure:10735: $? = 1
configure: failed program was:
| /* confdefs.h */
| #define PACKAGE_NAME "avahi"
| #define PACKAGE_TARNAME "avahi"
| #define PACKAGE_VERSION "0.8"
| #define PACKAGE_STRING "avahi 0.8"
| #define PACKAGE_BUGREPORT "avahi (at) lists (dot) freedesktop (dot) org"
| #define PACKAGE_URL ""
| #define PACKAGE "avahi"
| #define VERSION "0.8"
| #define STDC_HEADERS 1
| #define HAVE_SYS_TYPES_H 1
| #define HAVE_SYS_STAT_H 1
| #define HAVE_STDLIB_H 1
| #define HAVE_STRING_H 1
| #define HAVE_MEMORY_H 1
| #define HAVE_STRINGS_H 1
| #define HAVE_INTTYPES_H 1
| #define HAVE_STDINT_H 1
| #define HAVE_UNISTD_H 1
| #define __EXTENSIONS__ 1
| #define _ALL_SOURCE 1
| #define _GNU_SOURCE 1
| #define _POSIX_PTHREAD_SEMANTICS 1
| #define _TANDEM_SOURCE 1
| #define HAVE_DLFCN_H 1
| #define LT_OBJDIR ".libs/"
| /* end confdefs.h.  */
| #include <ac_nonexistent.h>
configure:10897: checking for ld used by arm-none-linux-gnueabi-g++
configure:10964: result: /home/wangtinghu/workspace/CORSICA_20251028_REMOVE_HTTPS_UNSAFE_CIPHERS_LIST_CSC/Corsica_adv/trunk/ti_tools/cgt_a8/arm-2010.09/arm-none-linux-gnueabi/bin/ld
configure:10971: checking if the linker (/home/wangtinghu/workspace/CORSICA_20251028_REMOVE_HTTPS_UNSAFE_CIPHERS_LIST_CSC/Corsica_adv/trunk/ti_tools/cgt_a8/arm-2010.09/arm-none-linux-gnueabi/bin/ld) is GNU ld
configure:10986: result: yes
configure:11041: checking whether the arm-none-linux-gnueabi-g++ linker (/home/wangtinghu/workspace/CORSICA_20251028_REMOVE_HTTPS_UNSAFE_CIPHERS_LIST_CSC/Corsica_adv/trunk/ti_tools/cgt_a8/arm-2010.09/arm-none-linux-gnueabi/bin/ld) supports shared libraries
configure:12114: result: yes
configure:12150: arm-none-linux-gnueabi-g++ -c -g -O2  conftest.cpp >&5
configure:12153: $? = 0
configure:12634: checking for arm-none-linux-gnueabi-g++ option to produce PIC
configure:12641: result: -fPIC -DPIC
configure:12649: checking if arm-none-linux-gnueabi-g++ PIC flag -fPIC -DPIC works
configure:12667: arm-none-linux-gnueabi-g++ -c -g -O2  -fPIC -DPIC -DPIC conftest.cpp >&5
configure:12671: $? = 0
configure:12684: result: yes
configure:12707: checking if arm-none-linux-gnueabi-g++ static flag -static works
configure:12735: result: yes
configure:12747: checking if arm-none-linux-gnueabi-g++ supports -c -o file.o
configure:12768: arm-none-linux-gnueabi-g++ -c -g -O2  -o out/conftest2.o conftest.cpp >&5
configure:12772: $? = 0
configure:12794: result: yes
configure:12799: checking if arm-none-linux-gnueabi-g++ supports -c -o file.o
configure:12846: result: yes
configure:12876: checking whether the arm-none-linux-gnueabi-g++ linker (/home/wangtinghu/workspace/CORSICA_20251028_REMOVE_HTTPS_UNSAFE_CIPHERS_LIST_CSC/Corsica_adv/trunk/ti_tools/cgt_a8/arm-2010.09/arm-none-linux-gnueabi/bin/ld) supports shared libraries
configure:12919: result: yes
configure:13060: checking dynamic linker characteristics
configure:13817: result: GNU/Linux ld.so
configure:13882: checking how to hardcode library paths into programs
configure:13907: result: immediate
configure:12800: checking whether the C++ compiler works
configure:12816: arm-none-linux-gnueabi-g++ -c -g -O2  conftest.cpp >&5
configure:12816: $? = 0
configure:12830: result: yes
configure:13004: checking for the pthreads library -lpthreads
configure:13037: /home/wangtinghu/workspace/CORSICA_20251028_REMOVE_HTTPS_UNSAFE_CIPHERS_LIST_CSC/Corsica_adv/trunk/3rdparty/sony/avahi/../../../ti_tools/cgt_a8/arm-2010.09/bin/arm-none-linux-gnueabi-gcc -std=gnu99 -o conftest -I/home/wangtinghu/workspace/CORSICA_20251028_REMOVE_HTTPS_UNSAFE_CIPHERS_LIST_CSC/Corsica_adv/trunk/3rdparty/sony/avahi/opt/wa/include   -static -static-libgcc -L/home/wangtinghu/workspace/CORSICA_20251028_REMOVE_HTTPS_UNSAFE_CIPHERS_LIST_CSC/Corsica_adv/trunk/3rdparty/sony/avahi/opt/wa/lib conftest.c -lpthreads  >&5
/home/wangtinghu/workspace/CORSICA_20251028_REMOVE_HTTPS_UNSAFE_CIPHERS_LIST_CSC/Corsica_adv/trunk/ti_tools/cgt_a8/arm-2010.09/bin/../lib/gcc/arm-none-linux-gnueabi/4.5.1/../../../../arm-none-linux-gnueabi/bin/ld: cannot find -lpthreads
collect2: ld returned 1 exit status
configure:13037: $? = 1
configure: failed program was:
| /* confdefs.h */
| #define PACKAGE_NAME "avahi"
| #define PACKAGE_TARNAME "avahi"
| #define PACKAGE_VERSION "0.8"
| #define PACKAGE_STRING "avahi 0.8"
| #define PACKAGE_BUGREPORT "avahi (at) lists (dot) freedesktop (dot) org"
| #define PACKAGE_URL ""
| #define PACKAGE "avahi"
| #define VERSION "0.8"
| #define STDC_HEADERS 1
| #define HAVE_SYS_TYPES_H 1
| #define HAVE_SYS_STAT_H 1
| #define HAVE_STDLIB_H 1
| #define HAVE_STRING_H 1
| #define HAVE_MEMORY_H 1
| #define HAVE_STRINGS_H 1
| #define HAVE_INTTYPES_H 1
| #define HAVE_STDINT_H 1
| #define HAVE_UNISTD_H 1
| #define __EXTENSIONS__ 1
| #define _ALL_SOURCE 1
| #define _GNU_SOURCE 1
| #define _POSIX_PTHREAD_SEMANTICS 1
| #define _TANDEM_SOURCE 1
| #define HAVE_DLFCN_H 1
| #define LT_OBJDIR ".libs/"
| /* end confdefs.h.  */
| #include <pthread.h>
| int
| main ()
| {
| pthread_t th; pthread_join(th, 0);
|                      pthread_attr_init(0); pthread_cleanup_push(0, 0);
|                      pthread_create(0,0,0,0); pthread_cleanup_pop(0);
|   ;
|   return 0;
| }
configure:13046: result: no
configure:12949: checking whether pthreads work without any flags
configure:13037: /home/wangtinghu/workspace/CORSICA_20251028_REMOVE_HTTPS_UNSAFE_CIPHERS_LIST_CSC/Corsica_adv/trunk/3rdparty/sony/avahi/../../../ti_tools/cgt_a8/arm-2010.09/bin/arm-none-linux-gnueabi-gcc -std=gnu99 -o conftest -I/home/wangtinghu/workspace/CORSICA_20251028_REMOVE_HTTPS_UNSAFE_CIPHERS_LIST_CSC/Corsica_adv/trunk/3rdparty/sony/avahi/opt/wa/include   -static -static-libgcc -L/home/wangtinghu/workspace/CORSICA_20251028_REMOVE_HTTPS_UNSAFE_CIPHERS_LIST_CSC/Corsica_adv/trunk/3rdparty/sony/avahi/opt/wa/lib conftest.c   >&5
/tmp/ccWxQsNx.o: In function `main':
conftest.c:(.text+0x14): undefined reference to `pthread_join'
conftest.c:(.text+0x1c): undefined reference to `pthread_attr_init'
conftest.c:(.text+0x70): undefined reference to `__pthread_register_cancel'
conftest.c:(.text+0x84): undefined reference to `pthread_create'
conftest.c:(.text+0x90): undefined reference to `__pthread_unregister_cancel'
collect2: ld returned 1 exit status
configure:13037: $? = 1
configure: failed program was:
| /* confdefs.h */
| #define PACKAGE_NAME "avahi"
| #define PACKAGE_TARNAME "avahi"
| #define PACKAGE_VERSION "0.8"
| #define PACKAGE_STRING "avahi 0.8"
| #define PACKAGE_BUGREPORT "avahi (at) lists (dot) freedesktop (dot) org"
| #define PACKAGE_URL ""
| #define PACKAGE "avahi"
| #define VERSION "0.8"
| #define STDC_HEADERS 1
| #define HAVE_SYS_TYPES_H 1
| #define HAVE_SYS_STAT_H 1
| #define HAVE_STDLIB_H 1
| #define HAVE_STRING_H 1
| #define HAVE_MEMORY_H 1
| #define HAVE_STRINGS_H 1
| #define HAVE_INTTYPES_H 1
| #define HAVE_STDINT_H 1
| #define HAVE_UNISTD_H 1
| #define __EXTENSIONS__ 1
| #define _ALL_SOURCE 1
| #define _GNU_SOURCE 1
| #define _POSIX_PTHREAD_SEMANTICS 1
| #define _TANDEM_SOURCE 1
| #define HAVE_DLFCN_H 1
| #define LT_OBJDIR ".libs/"
| /* end confdefs.h.  */
| #include <pthread.h>
| int
| main ()
| {
| pthread_t th; pthread_join(th, 0);
|                      pthread_attr_init(0); pthread_cleanup_push(0, 0);
|                      pthread_create(0,0,0,0); pthread_cleanup_pop(0);
|   ;
|   return 0;
| }
configure:13046: result: no
configure:12954: checking whether pthreads work with -Kthread
configure:13037: /home/wangtinghu/workspace/CORSICA_20251028_REMOVE_HTTPS_UNSAFE_CIPHERS_LIST_CSC/Corsica_adv/trunk/3rdparty/sony/avahi/../../../ti_tools/cgt_a8/arm-2010.09/bin/arm-none-linux-gnueabi-gcc -std=gnu99 -o conftest -I/home/wangtinghu/workspace/CORSICA_20251028_REMOVE_HTTPS_UNSAFE_CIPHERS_LIST_CSC/Corsica_adv/trunk/3rdparty/sony/avahi/opt/wa/include -Kthread  -static -static-libgcc -L/home/wangtinghu/workspace/CORSICA_20251028_REMOVE_HTTPS_UNSAFE_CIPHERS_LIST_CSC/Corsica_adv/trunk/3rdparty/sony/avahi/opt/wa/lib conftest.c   >&5
arm-none-linux-gnueabi-gcc: unrecognized option '-Kthread'
/tmp/cco8ibsS.o: In function `main':
conftest.c:(.text+0x14): undefined reference to `pthread_join'
conftest.c:(.text+0x1c): undefined reference to `pthread_attr_init'
conftest.c:(.text+0x70): undefined reference to `__pthread_register_cancel'
conftest.c:(.text+0x84): undefined reference to `pthread_create'
conftest.c:(.text+0x90): undefined reference to `__pthread_unregister_cancel'
collect2: ld returned 1 exit status
configure:13037: $? = 1
configure: failed program was:
| /* confdefs.h */
| #define PACKAGE_NAME "avahi"
| #define PACKAGE_TARNAME "avahi"
| #define PACKAGE_VERSION "0.8"
| #define PACKAGE_STRING "avahi 0.8"
| #define PACKAGE_BUGREPORT "avahi (at) lists (dot) freedesktop (dot) org"
| #define PACKAGE_URL ""
| #define PACKAGE "avahi"
| #define VERSION "0.8"
| #define STDC_HEADERS 1
| #define HAVE_SYS_TYPES_H 1
| #define HAVE_SYS_STAT_H 1
| #define HAVE_STDLIB_H 1
| #define HAVE_STRING_H 1
| #define HAVE_MEMORY_H 1
| #define HAVE_STRINGS_H 1
| #define HAVE_INTTYPES_H 1
| #define HAVE_STDINT_H 1
| #define HAVE_UNISTD_H 1
| #define __EXTENSIONS__ 1
| #define _ALL_SOURCE 1
| #define _GNU_SOURCE 1
| #define _POSIX_PTHREAD_SEMANTICS 1
| #define _TANDEM_SOURCE 1
| #define HAVE_DLFCN_H 1
| #define LT_OBJDIR ".libs/"
| /* end confdefs.h.  */
| #include <pthread.h>
| int
| main ()
| {
| pthread_t th; pthread_join(th, 0);
|                      pthread_attr_init(0); pthread_cleanup_push(0, 0);
|                      pthread_create(0,0,0,0); pthread_cleanup_pop(0);
|   ;
|   return 0;
| }
configure:13046: result: no
configure:12954: checking whether pthreads work with -kthread
configure:13037: /home/wangtinghu/workspace/CORSICA_20251028_REMOVE_HTTPS_UNSAFE_CIPHERS_LIST_CSC/Corsica_adv/trunk/3rdparty/sony/avahi/../../../ti_tools/cgt_a8/arm-2010.09/bin/arm-none-linux-gnueabi-gcc -std=gnu99 -o conftest -I/home/wangtinghu/workspace/CORSICA_20251028_REMOVE_HTTPS_UNSAFE_CIPHERS_LIST_CSC/Corsica_adv/trunk/3rdparty/sony/avahi/opt/wa/include -kthread  -static -static-libgcc -L/home/wangtinghu/workspace/CORSICA_20251028_REMOVE_HTTPS_UNSAFE_CIPHERS_LIST_CSC/Corsica_adv/trunk/3rdparty/sony/avahi/opt/wa/lib conftest.c   >&5
arm-none-linux-gnueabi-gcc: unrecognized option '-kthread'
/tmp/cc6WcwA8.o: In function `main':
conftest.c:(.text+0x14): undefined reference to `pthread_join'
conftest.c:(.text+0x1c): undefined reference to `pthread_attr_init'
conftest.c:(.text+0x70): undefined reference to `__pthread_register_cancel'
conftest.c:(.text+0x84): undefined reference to `pthread_create'
conftest.c:(.text+0x90): undefined reference to `__pthread_unregister_cancel'
collect2: ld returned 1 exit status
configure:13037: $? = 1
configure: failed program was:
| /* confdefs.h */
| #define PACKAGE_NAME "avahi"
| #define PACKAGE_TARNAME "avahi"
| #define PACKAGE_VERSION "0.8"
| #define PACKAGE_STRING "avahi 0.8"
| #define PACKAGE_BUGREPORT "avahi (at) lists (dot) freedesktop (dot) org"
| #define PACKAGE_URL ""
| #define PACKAGE "avahi"
| #define VERSION "0.8"
| #define STDC_HEADERS 1
| #define HAVE_SYS_TYPES_H 1
| #define HAVE_SYS_STAT_H 1
| #define HAVE_STDLIB_H 1
| #define HAVE_STRING_H 1
| #define HAVE_MEMORY_H 1
| #define HAVE_STRINGS_H 1
| #define HAVE_INTTYPES_H 1
| #define HAVE_STDINT_H 1
| #define HAVE_UNISTD_H 1
| #define __EXTENSIONS__ 1
| #define _ALL_SOURCE 1
| #define _GNU_SOURCE 1
| #define _POSIX_PTHREAD_SEMANTICS 1
| #define _TANDEM_SOURCE 1
| #define HAVE_DLFCN_H 1
| #define LT_OBJDIR ".libs/"
| /* end confdefs.h.  */
| #include <pthread.h>
| int
| main ()
| {
| pthread_t th; pthread_join(th, 0);
|                      pthread_attr_init(0); pthread_cleanup_push(0, 0);
|                      pthread_create(0,0,0,0); pthread_cleanup_pop(0);
|   ;
|   return 0;
| }
configure:13046: result: no
configure:13004: checking for the pthreads library -llthread
configure:13037: /home/wangtinghu/workspace/CORSICA_20251028_REMOVE_HTTPS_UNSAFE_CIPHERS_LIST_CSC/Corsica_adv/trunk/3rdparty/sony/avahi/../../../ti_tools/cgt_a8/arm-2010.09/bin/arm-none-linux-gnueabi-gcc -std=gnu99 -o conftest -I/home/wangtinghu/workspace/CORSICA_20251028_REMOVE_HTTPS_UNSAFE_CIPHERS_LIST_CSC/Corsica_adv/trunk/3rdparty/sony/avahi/opt/wa/include   -static -static-libgcc -L/home/wangtinghu/workspace/CORSICA_20251028_REMOVE_HTTPS_UNSAFE_CIPHERS_LIST_CSC/Corsica_adv/trunk/3rdparty/sony/avahi/opt/wa/lib conftest.c -llthread  >&5
/home/wangtinghu/workspace/CORSICA_20251028_REMOVE_HTTPS_UNSAFE_CIPHERS_LIST_CSC/Corsica_adv/trunk/ti_tools/cgt_a8/arm-2010.09/bin/../lib/gcc/arm-none-linux-gnueabi/4.5.1/../../../../arm-none-linux-gnueabi/bin/ld: cannot find -llthread
collect2: ld returned 1 exit status
configure:13037: $? = 1
configure: failed program was:
| /* confdefs.h */
| #define PACKAGE_NAME "avahi"
| #define PACKAGE_TARNAME "avahi"
| #define PACKAGE_VERSION "0.8"
| #define PACKAGE_STRING "avahi 0.8"
| #define PACKAGE_BUGREPORT "avahi (at) lists (dot) freedesktop (dot) org"
| #define PACKAGE_URL ""
| #define PACKAGE "avahi"
| #define VERSION "0.8"
| #define STDC_HEADERS 1
| #define HAVE_SYS_TYPES_H 1
| #define HAVE_SYS_STAT_H 1
| #define HAVE_STDLIB_H 1
| #define HAVE_STRING_H 1
| #define HAVE_MEMORY_H 1
| #define HAVE_STRINGS_H 1
| #define HAVE_INTTYPES_H 1
| #define HAVE_STDINT_H 1
| #define HAVE_UNISTD_H 1
| #define __EXTENSIONS__ 1
| #define _ALL_SOURCE 1
| #define _GNU_SOURCE 1
| #define _POSIX_PTHREAD_SEMANTICS 1
| #define _TANDEM_SOURCE 1
| #define HAVE_DLFCN_H 1
| #define LT_OBJDIR ".libs/"
| /* end confdefs.h.  */
| #include <pthread.h>
| int
| main ()
| {
| pthread_t th; pthread_join(th, 0);
|                      pthread_attr_init(0); pthread_cleanup_push(0, 0);
|                      pthread_create(0,0,0,0); pthread_cleanup_pop(0);
|   ;
|   return 0;
| }
configure:13046: result: no
configure:12954: checking whether pthreads work with -pthread
configure:13037: /home/wangtinghu/workspace/CORSICA_20251028_REMOVE_HTTPS_UNSAFE_CIPHERS_LIST_CSC/Corsica_adv/trunk/3rdparty/sony/avahi/../../../ti_tools/cgt_a8/arm-2010.09/bin/arm-none-linux-gnueabi-gcc -std=gnu99 -o conftest -I/home/wangtinghu/workspace/CORSICA_20251028_REMOVE_HTTPS_UNSAFE_CIPHERS_LIST_CSC/Corsica_adv/trunk/3rdparty/sony/avahi/opt/wa/include -pthread  -static -static-libgcc -L/home/wangtinghu/workspace/CORSICA_20251028_REMOVE_HTTPS_UNSAFE_CIPHERS_LIST_CSC/Corsica_adv/trunk/3rdparty/sony/avahi/opt/wa/lib conftest.c   >&5
configure:13037: $? = 0
configure:13046: result: yes
configure:13065: checking for joinable pthread attribute
configure:13080: /home/wangtinghu/workspace/CORSICA_20251028_REMOVE_HTTPS_UNSAFE_CIPHERS_LIST_CSC/Corsica_adv/trunk/3rdparty/sony/avahi/../../../ti_tools/cgt_a8/arm-2010.09/bin/arm-none-linux-gnueabi-gcc -std=gnu99 -o conftest -I/home/wangtinghu/workspace/CORSICA_20251028_REMOVE_HTTPS_UNSAFE_CIPHERS_LIST_CSC/Corsica_adv/trunk/3rdparty/sony/avahi/opt/wa/include -pthread  -static -static-libgcc -L/home/wangtinghu/workspace/CORSICA_20251028_REMOVE_HTTPS_UNSAFE_CIPHERS_LIST_CSC/Corsica_adv/trunk/3rdparty/sony/avahi/opt/wa/lib conftest.c   >&5
configure:13080: $? = 0
configure:13086: result: PTHREAD_CREATE_JOINABLE
configure:13096: checking if more special flags are required for pthreads
configure:13103: result: no
configure:13165: checking whether to check for GCC pthread/shared inconsistencies
configure:13175: result: yes
configure:13201: checking whether -pthread is sufficient with -shared
configure:13216: /home/wangtinghu/workspace/CORSICA_20251028_REMOVE_HTTPS_UNSAFE_CIPHERS_LIST_CSC/Corsica_adv/trunk/3rdparty/sony/avahi/../../../ti_tools/cgt_a8/arm-2010.09/bin/arm-none-linux-gnueabi-gcc -std=gnu99 -o conftest -shared -fPIC -Wl,-z,defs -I/home/wangtinghu/workspace/CORSICA_20251028_REMOVE_HTTPS_UNSAFE_CIPHERS_LIST_CSC/Corsica_adv/trunk/3rdparty/sony/avahi/opt/wa/include -pthread  -static -static-libgcc -L/home/wangtinghu/workspace/CORSICA_20251028_REMOVE_HTTPS_UNSAFE_CIPHERS_LIST_CSC/Corsica_adv/trunk/3rdparty/sony/avahi/opt/wa/lib conftest.c   >&5
/home/wangtinghu/workspace/CORSICA_20251028_REMOVE_HTTPS_UNSAFE_CIPHERS_LIST_CSC/Corsica_adv/trunk/ti_tools/cgt_a8/arm-2010.09/bin/../lib/gcc/arm-none-linux-gnueabi/4.5.1/../../../../arm-none-linux-gnueabi/bin/ld: /home/wangtinghu/workspace/CORSICA_20251028_REMOVE_HTTPS_UNSAFE_CIPHERS_LIST_CSC/Corsica_adv/trunk/ti_tools/cgt_a8/arm-2010.09/bin/../arm-none-linux-gnueabi/libc/usr/lib/libc.a(dl-tsd.o)(.text+0x14): R_ARM_TLS_LE32 relocation not permitted in shared object
configure:13216: $? = 0
configure:13223: result: yes
configure:13343: checking for linux/netlink.h
configure:13343: /home/wangtinghu/workspace/CORSICA_20251028_REMOVE_HTTPS_UNSAFE_CIPHERS_LIST_CSC/Corsica_adv/trunk/3rdparty/sony/avahi/../../../ti_tools/cgt_a8/arm-2010.09/bin/arm-none-linux-gnueabi-gcc -std=gnu99 -c -I/home/wangtinghu/workspace/CORSICA_20251028_REMOVE_HTTPS_UNSAFE_CIPHERS_LIST_CSC/Corsica_adv/trunk/3rdparty/sony/avahi/opt/wa/include  conftest.c >&5
configure:13343: $? = 0
configure:13343: result: yes
configure:13370: checking for net/route.h
configure:13370: /home/wangtinghu/workspace/CORSICA_20251028_REMOVE_HTTPS_UNSAFE_CIPHERS_LIST_CSC/Corsica_adv/trunk/3rdparty/sony/avahi/../../../ti_tools/cgt_a8/arm-2010.09/bin/arm-none-linux-gnueabi-gcc -std=gnu99 -c -I/home/wangtinghu/workspace/CORSICA_20251028_REMOVE_HTTPS_UNSAFE_CIPHERS_LIST_CSC/Corsica_adv/trunk/3rdparty/sony/avahi/opt/wa/include  conftest.c >&5
conftest.c:33:23: fatal error: net/if_dl.h: No such file or directory
compilation terminated.
configure:13370: $? = 1
configure: failed program was:
| /* confdefs.h */
| #define PACKAGE_NAME "avahi"
| #define PACKAGE_TARNAME "avahi"
| #define PACKAGE_VERSION "0.8"
| #define PACKAGE_STRING "avahi 0.8"
| #define PACKAGE_BUGREPORT "avahi (at) lists (dot) freedesktop (dot) org"
| #define PACKAGE_URL ""
| #define PACKAGE "avahi"
| #define VERSION "0.8"
| #define STDC_HEADERS 1
| #define HAVE_SYS_TYPES_H 1
| #define HAVE_SYS_STAT_H 1
| #define HAVE_STDLIB_H 1
| #define HAVE_STRING_H 1
| #define HAVE_MEMORY_H 1
| #define HAVE_STRINGS_H 1
| #define HAVE_INTTYPES_H 1
| #define HAVE_STDINT_H 1
| #define HAVE_UNISTD_H 1
| #define __EXTENSIONS__ 1
| #define _ALL_SOURCE 1
| #define _GNU_SOURCE 1
| #define _POSIX_PTHREAD_SEMANTICS 1
| #define _TANDEM_SOURCE 1
| #define HAVE_DLFCN_H 1
| #define LT_OBJDIR ".libs/"
| #define HAVE_PTHREAD 1
| #define HAVE_NETLINK /**/
| /* end confdefs.h.  */
| 
| #include <sys/types.h>
| #include <sys/socket.h>
| #include <net/if_dl.h>
| 
| 
| #include <net/route.h>
configure:13370: result: no
configure:13398: checking for sys/filio.h
configure:13398: /home/wangtinghu/workspace/CORSICA_20251028_REMOVE_HTTPS_UNSAFE_CIPHERS_LIST_CSC/Corsica_adv/trunk/3rdparty/sony/avahi/../../../ti_tools/cgt_a8/arm-2010.09/bin/arm-none-linux-gnueabi-gcc -std=gnu99 -c -I/home/wangtinghu/workspace/CORSICA_20251028_REMOVE_HTTPS_UNSAFE_CIPHERS_LIST_CSC/Corsica_adv/trunk/3rdparty/sony/avahi/opt/wa/include  conftest.c >&5
conftest.c:33:23: fatal error: sys/filio.h: No such file or directory
compilation terminated.
configure:13398: $? = 1
configure: failed program was:
| /* confdefs.h */
| #define PACKAGE_NAME "avahi"
| #define PACKAGE_TARNAME "avahi"
| #define PACKAGE_VERSION "0.8"
| #define PACKAGE_STRING "avahi 0.8"
| #define PACKAGE_BUGREPORT "avahi (at) lists (dot) freedesktop (dot) org"
| #define PACKAGE_URL ""
| #define PACKAGE "avahi"
| #define VERSION "0.8"
| #define STDC_HEADERS 1
| #define HAVE_SYS_TYPES_H 1
| #define HAVE_SYS_STAT_H 1
| #define HAVE_STDLIB_H 1
| #define HAVE_STRING_H 1
| #define HAVE_MEMORY_H 1
| #define HAVE_STRINGS_H 1
| #define HAVE_INTTYPES_H 1
| #define HAVE_STDINT_H 1
| #define HAVE_UNISTD_H 1
| #define __EXTENSIONS__ 1
| #define _ALL_SOURCE 1
| #define _GNU_SOURCE 1
| #define _POSIX_PTHREAD_SEMANTICS 1
| #define _TANDEM_SOURCE 1
| #define HAVE_DLFCN_H 1
| #define LT_OBJDIR ".libs/"
| #define HAVE_PTHREAD 1
| #define HAVE_NETLINK /**/
| /* end confdefs.h.  */
| 
| 
| 
| #include <sys/filio.h>
configure:13398: result: no
configure:13423: checking for sys/sysctl.h
configure:13423: /home/wangtinghu/workspace/CORSICA_20251028_REMOVE_HTTPS_UNSAFE_CIPHERS_LIST_CSC/Corsica_adv/trunk/3rdparty/sony/avahi/../../../ti_tools/cgt_a8/arm-2010.09/bin/arm-none-linux-gnueabi-gcc -std=gnu99 -c -I/home/wangtinghu/workspace/CORSICA_20251028_REMOVE_HTTPS_UNSAFE_CIPHERS_LIST_CSC/Corsica_adv/trunk/3rdparty/sony/avahi/opt/wa/include  conftest.c >&5
configure:13423: $? = 0
configure:13423: result: yes
configure:13451: checking for struct lifconf
configure:13469: /home/wangtinghu/workspace/CORSICA_20251028_REMOVE_HTTPS_UNSAFE_CIPHERS_LIST_CSC/Corsica_adv/trunk/3rdparty/sony/avahi/../../../ti_tools/cgt_a8/arm-2010.09/bin/arm-none-linux-gnueabi-gcc -std=gnu99 -c -I/home/wangtinghu/workspace/CORSICA_20251028_REMOVE_HTTPS_UNSAFE_CIPHERS_LIST_CSC/Corsica_adv/trunk/3rdparty/sony/avahi/opt/wa/include  conftest.c >&5
conftest.c: In function 'main':
conftest.c:37:9: error: invalid application of 'sizeof' to incomplete type 'struct lifconf' 
configure:13469: $? = 1
configure: failed program was:
| /* confdefs.h */
| #define PACKAGE_NAME "avahi"
| #define PACKAGE_TARNAME "avahi"
| #define PACKAGE_VERSION "0.8"
| #define PACKAGE_STRING "avahi 0.8"
| #define PACKAGE_BUGREPORT "avahi (at) lists (dot) freedesktop (dot) org"
| #define PACKAGE_URL ""
| #define PACKAGE "avahi"
| #define VERSION "0.8"
| #define STDC_HEADERS 1
| #define HAVE_SYS_TYPES_H 1
| #define HAVE_SYS_STAT_H 1
| #define HAVE_STDLIB_H 1
| #define HAVE_STRING_H 1
| #define HAVE_MEMORY_H 1
| #define HAVE_STRINGS_H 1
| #define HAVE_INTTYPES_H 1
| #define HAVE_STDINT_H 1
| #define HAVE_UNISTD_H 1
| #define __EXTENSIONS__ 1
| #define _ALL_SOURCE 1
| #define _GNU_SOURCE 1
| #define _POSIX_PTHREAD_SEMANTICS 1
| #define _TANDEM_SOURCE 1
| #define HAVE_DLFCN_H 1
| #define LT_OBJDIR ".libs/"
| #define HAVE_PTHREAD 1
| #define HAVE_NETLINK /**/
| #define HAVE_SYS_SYSCTL_H /**/
| /* end confdefs.h.  */
| #include <sys/socket.h>
| #include <net/if.h>
| 
| int
| main ()
| {
| sizeof (struct lifconf);
|   ;
|   return 0;
| }
configure:13477: result: no
configure:13488: checking for struct ip_mreqn
configure:13504: /home/wangtinghu/workspace/CORSICA_20251028_REMOVE_HTTPS_UNSAFE_CIPHERS_LIST_CSC/Corsica_adv/trunk/3rdparty/sony/avahi/../../../ti_tools/cgt_a8/arm-2010.09/bin/arm-none-linux-gnueabi-gcc -std=gnu99 -c -I/home/wangtinghu/workspace/CORSICA_20251028_REMOVE_HTTPS_UNSAFE_CIPHERS_LIST_CSC/Corsica_adv/trunk/3rdparty/sony/avahi/opt/wa/include  conftest.c >&5
configure:13504: $? = 0
configure:13507: result: yes
configure:13852: checking checking whether rtnetlink.h can be included with -std=c99
configure:13867: /home/wangtinghu/workspace/CORSICA_20251028_REMOVE_HTTPS_UNSAFE_CIPHERS_LIST_CSC/Corsica_adv/trunk/3rdparty/sony/avahi/../../../ti_tools/cgt_a8/arm-2010.09/bin/arm-none-linux-gnueabi-gcc -std=gnu99 -c -std=c99  conftest.c >&5
In file included from /home/wangtinghu/workspace/CORSICA_20251028_REMOVE_HTTPS_UNSAFE_CIPHERS_LIST_CSC/Corsica_adv/trunk/ti_tools/cgt_a8/arm-2010.09/bin/../arm-none-linux-gnueabi/libc/usr/include/linux/rtnetlink.h:5:0,
                 from conftest.c:32:
/home/wangtinghu/workspace/CORSICA_20251028_REMOVE_HTTPS_UNSAFE_CIPHERS_LIST_CSC/Corsica_adv/trunk/ti_tools/cgt_a8/arm-2010.09/bin/../arm-none-linux-gnueabi/libc/usr/include/linux/netlink.h:33:2: error: expected specifier-qualifier-list before 'sa_family_t'
configure:13867: $? = 1
configure: failed program was:
| /* confdefs.h */
| #define PACKAGE_NAME "avahi"
| #define PACKAGE_TARNAME "avahi"
| #define PACKAGE_VERSION "0.8"
| #define PACKAGE_STRING "avahi 0.8"
| #define PACKAGE_BUGREPORT "avahi (at) lists (dot) freedesktop (dot) org"
| #define PACKAGE_URL ""
| #define PACKAGE "avahi"
| #define VERSION "0.8"
| #define STDC_HEADERS 1
| #define HAVE_SYS_TYPES_H 1
| #define HAVE_SYS_STAT_H 1
| #define HAVE_STDLIB_H 1
| #define HAVE_STRING_H 1
| #define HAVE_MEMORY_H 1
| #define HAVE_STRINGS_H 1
| #define HAVE_INTTYPES_H 1
| #define HAVE_STDINT_H 1
| #define HAVE_UNISTD_H 1
| #define __EXTENSIONS__ 1
| #define _ALL_SOURCE 1
| #define _GNU_SOURCE 1
| #define _POSIX_PTHREAD_SEMANTICS 1
| #define _TANDEM_SOURCE 1
| #define HAVE_DLFCN_H 1
| #define LT_OBJDIR ".libs/"
| #define HAVE_PTHREAD 1
| #define HAVE_NETLINK /**/
| #define HAVE_SYS_SYSCTL_H /**/
| #define HAVE_STRUCT_IP_MREQN /**/
| /* end confdefs.h.  */
| #include <linux/rtnetlink.h>
| int
| main ()
| {
| 
|   ;
|   return 0;
| }
configure:13879: result: no
configure:13889: checking whether /home/wangtinghu/workspace/CORSICA_20251028_REMOVE_HTTPS_UNSAFE_CIPHERS_LIST_CSC/Corsica_adv/trunk/3rdparty/sony/avahi/../../../ti_tools/cgt_a8/arm-2010.09/bin/arm-none-linux-gnueabi-gcc -std=gnu99 accepts -Wall
configure:13893: result: yes
configure:13889: checking whether /home/wangtinghu/workspace/CORSICA_20251028_REMOVE_HTTPS_UNSAFE_CIPHERS_LIST_CSC/Corsica_adv/trunk/3rdparty/sony/avahi/../../../ti_tools/cgt_a8/arm-2010.09/bin/arm-none-linux-gnueabi-gcc -std=gnu99 accepts -W
configure:13893: result: yes
configure:13889: checking whether /home/wangtinghu/workspace/CORSICA_20251028_REMOVE_HTTPS_UNSAFE_CIPHERS_LIST_CSC/Corsica_adv/trunk/3rdparty/sony/avahi/../../../ti_tools/cgt_a8/arm-2010.09/bin/arm-none-linux-gnueabi-gcc -std=gnu99 accepts -Wextra
configure:13893: result: yes
configure:13889: checking whether /home/wangtinghu/workspace/CORSICA_20251028_REMOVE_HTTPS_UNSAFE_CIPHERS_LIST_CSC/Corsica_adv/trunk/3rdparty/sony/avahi/../../../ti_tools/cgt_a8/arm-2010.09/bin/arm-none-linux-gnueabi-gcc -std=gnu99 accepts -pedantic
configure:13893: result: yes
configure:13889: checking whether /home/wangtinghu/workspace/CORSICA_20251028_REMOVE_HTTPS_UNSAFE_CIPHERS_LIST_CSC/Corsica_adv/trunk/3rdparty/sony/avahi/../../../ti_tools/cgt_a8/arm-2010.09/bin/arm-none-linux-gnueabi-gcc -std=gnu99 accepts -pipe
configure:13893: result: yes
configure:13889: checking whether /home/wangtinghu/workspace/CORSICA_20251028_REMOVE_HTTPS_UNSAFE_CIPHERS_LIST_CSC/Corsica_adv/trunk/3rdparty/sony/avahi/../../../ti_tools/cgt_a8/arm-2010.09/bin/arm-none-linux-gnueabi-gcc -std=gnu99 accepts -Wformat
configure:13893: result: yes
configure:13889: checking whether /home/wangtinghu/workspace/CORSICA_20251028_REMOVE_HTTPS_UNSAFE_CIPHERS_LIST_CSC/Corsica_adv/trunk/3rdparty/sony/avahi/../../../ti_tools/cgt_a8/arm-2010.09/bin/arm-none-linux-gnueabi-gcc -std=gnu99 accepts -Wold-style-definition
configure:13893: result: yes
configure:13889: checking whether /home/wangtinghu/workspace/CORSICA_20251028_REMOVE_HTTPS_UNSAFE_CIPHERS_LIST_CSC/Corsica_adv/trunk/3rdparty/sony/avahi/../../../ti_tools/cgt_a8/arm-2010.09/bin/arm-none-linux-gnueabi-gcc -std=gnu99 accepts -Wdeclaration-after-statement
configure:13893: result: yes
configure:13889: checking whether /home/wangtinghu/workspace/CORSICA_20251028_REMOVE_HTTPS_UNSAFE_CIPHERS_LIST_CSC/Corsica_adv/trunk/3rdparty/sony/avahi/../../../ti_tools/cgt_a8/arm-2010.09/bin/arm-none-linux-gnueabi-gcc -std=gnu99 accepts -Wfloat-equal
configure:13893: result: yes
configure:13889: checking whether /home/wangtinghu/workspace/CORSICA_20251028_REMOVE_HTTPS_UNSAFE_CIPHERS_LIST_CSC/Corsica_adv/trunk/3rdparty/sony/avahi/../../../ti_tools/cgt_a8/arm-2010.09/bin/arm-none-linux-gnueabi-gcc -std=gnu99 accepts -Wmissing-declarations
configure:13893: result: yes
configure:13889: checking whether /home/wangtinghu/workspace/CORSICA_20251028_REMOVE_HTTPS_UNSAFE_CIPHERS_LIST_CSC/Corsica_adv/trunk/3rdparty/sony/avahi/../../../ti_tools/cgt_a8/arm-2010.09/bin/arm-none-linux-gnueabi-gcc -std=gnu99 accepts -Wmissing-prototypes
configure:13893: result: yes
configure:13889: checking whether /home/wangtinghu/workspace/CORSICA_20251028_REMOVE_HTTPS_UNSAFE_CIPHERS_LIST_CSC/Corsica_adv/trunk/3rdparty/sony/avahi/../../../ti_tools/cgt_a8/arm-2010.09/bin/arm-none-linux-gnueabi-gcc -std=gnu99 accepts -Wstrict-prototypes
configure:13893: result: yes
configure:13889: checking whether /home/wangtinghu/workspace/CORSICA_20251028_REMOVE_HTTPS_UNSAFE_CIPHERS_LIST_CSC/Corsica_adv/trunk/3rdparty/sony/avahi/../../../ti_tools/cgt_a8/arm-2010.09/bin/arm-none-linux-gnueabi-gcc -std=gnu99 accepts -Wredundant-decls
configure:13893: result: yes
configure:13889: checking whether /home/wangtinghu/workspace/CORSICA_20251028_REMOVE_HTTPS_UNSAFE_CIPHERS_LIST_CSC/Corsica_adv/trunk/3rdparty/sony/avahi/../../../ti_tools/cgt_a8/arm-2010.09/bin/arm-none-linux-gnueabi-gcc -std=gnu99 accepts -Wmissing-noreturn
configure:13893: result: yes
configure:13889: checking whether /home/wangtinghu/workspace/CORSICA_20251028_REMOVE_HTTPS_UNSAFE_CIPHERS_LIST_CSC/Corsica_adv/trunk/3rdparty/sony/avahi/../../../ti_tools/cgt_a8/arm-2010.09/bin/arm-none-linux-gnueabi-gcc -std=gnu99 accepts -Wshadow
configure:13893: result: yes
configure:13889: checking whether /home/wangtinghu/workspace/CORSICA_20251028_REMOVE_HTTPS_UNSAFE_CIPHERS_LIST_CSC/Corsica_adv/trunk/3rdparty/sony/avahi/../../../ti_tools/cgt_a8/arm-2010.09/bin/arm-none-linux-gnueabi-gcc -std=gnu99 accepts -Wendif-labels
configure:13893: result: yes
configure:13889: checking whether /home/wangtinghu/workspace/CORSICA_20251028_REMOVE_HTTPS_UNSAFE_CIPHERS_LIST_CSC/Corsica_adv/trunk/3rdparty/sony/avahi/../../../ti_tools/cgt_a8/arm-2010.09/bin/arm-none-linux-gnueabi-gcc -std=gnu99 accepts -Wpointer-arith
configure:13893: result: yes
configure:13889: checking whether /home/wangtinghu/workspace/CORSICA_20251028_REMOVE_HTTPS_UNSAFE_CIPHERS_LIST_CSC/Corsica_adv/trunk/3rdparty/sony/avahi/../../../ti_tools/cgt_a8/arm-2010.09/bin/arm-none-linux-gnueabi-gcc -std=gnu99 accepts -Wbad-function-cast
configure:13893: result: yes
configure:13889: checking whether /home/wangtinghu/workspace/CORSICA_20251028_REMOVE_HTTPS_UNSAFE_CIPHERS_LIST_CSC/Corsica_adv/trunk/3rdparty/sony/avahi/../../../ti_tools/cgt_a8/arm-2010.09/bin/arm-none-linux-gnueabi-gcc -std=gnu99 accepts -Wcast-qual
configure:13893: result: yes
configure:13889: checking whether /home/wangtinghu/workspace/CORSICA_20251028_REMOVE_HTTPS_UNSAFE_CIPHERS_LIST_CSC/Corsica_adv/trunk/3rdparty/sony/avahi/../../../ti_tools/cgt_a8/arm-2010.09/bin/arm-none-linux-gnueabi-gcc -std=gnu99 accepts -Wcast-align
configure:13893: result: yes
configure:13889: checking whether /home/wangtinghu/workspace/CORSICA_20251028_REMOVE_HTTPS_UNSAFE_CIPHERS_LIST_CSC/Corsica_adv/trunk/3rdparty/sony/avahi/../../../ti_tools/cgt_a8/arm-2010.09/bin/arm-none-linux-gnueabi-gcc -std=gnu99 accepts -Wwrite-strings
configure:13893: result: yes
configure:13889: checking whether /home/wangtinghu/workspace/CORSICA_20251028_REMOVE_HTTPS_UNSAFE_CIPHERS_LIST_CSC/Corsica_adv/trunk/3rdparty/sony/avahi/../../../ti_tools/cgt_a8/arm-2010.09/bin/arm-none-linux-gnueabi-gcc -std=gnu99 accepts -fdiagnostics-show-option
configure:13893: result: yes
configure:13889: checking whether /home/wangtinghu/workspace/CORSICA_20251028_REMOVE_HTTPS_UNSAFE_CIPHERS_LIST_CSC/Corsica_adv/trunk/3rdparty/sony/avahi/../../../ti_tools/cgt_a8/arm-2010.09/bin/arm-none-linux-gnueabi-gcc -std=gnu99 accepts -Wno-cast-qual
configure:13893: result: yes
configure:13889: checking whether /home/wangtinghu/workspace/CORSICA_20251028_REMOVE_HTTPS_UNSAFE_CIPHERS_LIST_CSC/Corsica_adv/trunk/3rdparty/sony/avahi/../../../ti_tools/cgt_a8/arm-2010.09/bin/arm-none-linux-gnueabi-gcc -std=gnu99 accepts -fno-strict-aliasing
configure:13893: result: yes
configure:13903: checking for ANSI C header files
configure:14007: result: yes
configure:14018: checking arpa/inet.h usability
configure:14018: /home/wangtinghu/workspace/CORSICA_20251028_REMOVE_HTTPS_UNSAFE_CIPHERS_LIST_CSC/Corsica_adv/trunk/3rdparty/sony/avahi/../../../ti_tools/cgt_a8/arm-2010.09/bin/arm-none-linux-gnueabi-gcc -std=gnu99 -c -I/home/wangtinghu/workspace/CORSICA_20251028_REMOVE_HTTPS_UNSAFE_CIPHERS_LIST_CSC/Corsica_adv/trunk/3rdparty/sony/avahi/opt/wa/include -Wall -W -Wextra -pedantic -pipe -Wformat -Wold-style-definition -Wdeclaration-after-statement -Wfloat-equal -Wmissing-declarations -Wmissing-prototypes -Wstrict-prototypes -Wredundant-decls -Wmissing-noreturn -Wshadow -Wendif-labels -Wpointer-arith -Wbad-function-cast -Wcast-qual -Wcast-align -Wwrite-strings -fdiagnostics-show-option -Wno-cast-qual -fno-strict-aliasing  conftest.c >&5
configure:14018: $? = 0
configure:14018: result: yes
configure:14018: checking arpa/inet.h presence
configure:14018: /home/wangtinghu/workspace/CORSICA_20251028_REMOVE_HTTPS_UNSAFE_CIPHERS_LIST_CSC/Corsica_adv/trunk/3rdparty/sony/avahi/../../../ti_tools/cgt_a8/arm-2010.09/bin/arm-none-linux-gnueabi-gcc -std=gnu99 -E  conftest.c
configure:14018: $? = 0
configure:14018: result: yes
configure:14018: checking for arpa/inet.h
configure:14018: result: yes
configure:14018: checking fcntl.h usability
configure:14018: /home/wangtinghu/workspace/CORSICA_20251028_REMOVE_HTTPS_UNSAFE_CIPHERS_LIST_CSC/Corsica_adv/trunk/3rdparty/sony/avahi/../../../ti_tools/cgt_a8/arm-2010.09/bin/arm-none-linux-gnueabi-gcc -std=gnu99 -c -I/home/wangtinghu/workspace/CORSICA_20251028_REMOVE_HTTPS_UNSAFE_CIPHERS_LIST_CSC/Corsica_adv/trunk/3rdparty/sony/avahi/opt/wa/include -Wall -W -Wextra -pedantic -pipe -Wformat -Wold-style-definition -Wdeclaration-after-statement -Wfloat-equal -Wmissing-declarations -Wmissing-prototypes -Wstrict-prototypes -Wredundant-decls -Wmissing-noreturn -Wshadow -Wendif-labels -Wpointer-arith -Wbad-function-cast -Wcast-qual -Wcast-align -Wwrite-strings -fdiagnostics-show-option -Wno-cast-qual -fno-strict-aliasing  conftest.c >&5
configure:14018: $? = 0
configure:14018: result: yes
configure:14018: checking fcntl.h presence
configure:14018: /home/wangtinghu/workspace/CORSICA_20251028_REMOVE_HTTPS_UNSAFE_CIPHERS_LIST_CSC/Corsica_adv/trunk/3rdparty/sony/avahi/../../../ti_tools/cgt_a8/arm-2010.09/bin/arm-none-linux-gnueabi-gcc -std=gnu99 -E  conftest.c
configure:14018: $? = 0
configure:14018: result: yes
configure:14018: checking for fcntl.h
configure:14018: result: yes
configure:14018: checking for inttypes.h
configure:14018: result: yes
configure:14018: checking limits.h usability
configure:14018: /home/wangtinghu/workspace/CORSICA_20251028_REMOVE_HTTPS_UNSAFE_CIPHERS_LIST_CSC/Corsica_adv/trunk/3rdparty/sony/avahi/../../../ti_tools/cgt_a8/arm-2010.09/bin/arm-none-linux-gnueabi-gcc -std=gnu99 -c -I/home/wangtinghu/workspace/CORSICA_20251028_REMOVE_HTTPS_UNSAFE_CIPHERS_LIST_CSC/Corsica_adv/trunk/3rdparty/sony/avahi/opt/wa/include -Wall -W -Wextra -pedantic -pipe -Wformat -Wold-style-definition -Wdeclaration-after-statement -Wfloat-equal -Wmissing-declarations -Wmissing-prototypes -Wstrict-prototypes -Wredundant-decls -Wmissing-noreturn -Wshadow -Wendif-labels -Wpointer-arith -Wbad-function-cast -Wcast-qual -Wcast-align -Wwrite-strings -fdiagnostics-show-option -Wno-cast-qual -fno-strict-aliasing  conftest.c >&5
configure:14018: $? = 0
configure:14018: result: yes
configure:14018: checking limits.h presence
configure:14018: /home/wangtinghu/workspace/CORSICA_20251028_REMOVE_HTTPS_UNSAFE_CIPHERS_LIST_CSC/Corsica_adv/trunk/3rdparty/sony/avahi/../../../ti_tools/cgt_a8/arm-2010.09/bin/arm-none-linux-gnueabi-gcc -std=gnu99 -E  conftest.c
configure:14018: $? = 0
configure:14018: result: yes
configure:14018: checking for limits.h
configure:14018: result: yes
configure:14018: checking netinet/in.h usability
configure:14018: /home/wangtinghu/workspace/CORSICA_20251028_REMOVE_HTTPS_UNSAFE_CIPHERS_LIST_CSC/Corsica_adv/trunk/3rdparty/sony/avahi/../../../ti_tools/cgt_a8/arm-2010.09/bin/arm-none-linux-gnueabi-gcc -std=gnu99 -c -I/home/wangtinghu/workspace/CORSICA_20251028_REMOVE_HTTPS_UNSAFE_CIPHERS_LIST_CSC/Corsica_adv/trunk/3rdparty/sony/avahi/opt/wa/include -Wall -W -Wextra -pedantic -pipe -Wformat -Wold-style-definition -Wdeclaration-after-statement -Wfloat-equal -Wmissing-declarations -Wmissing-prototypes -Wstrict-prototypes -Wredundant-decls -Wmissing-noreturn -Wshadow -Wendif-labels -Wpointer-arith -Wbad-function-cast -Wcast-qual -Wcast-align -Wwrite-strings -fdiagnostics-show-option -Wno-cast-qual -fno-strict-aliasing  conftest.c >&5
configure:14018: $? = 0
configure:14018: result: yes
configure:14018: checking netinet/in.h presence
configure:14018: /home/wangtinghu/workspace/CORSICA_20251028_REMOVE_HTTPS_UNSAFE_CIPHERS_LIST_CSC/Corsica_adv/trunk/3rdparty/sony/avahi/../../../ti_tools/cgt_a8/arm-2010.09/bin/arm-none-linux-gnueabi-gcc -std=gnu99 -E  conftest.c
configure:14018: $? = 0
configure:14018: result: yes
configure:14018: checking for netinet/in.h
configure:14018: result: yes
configure:14018: checking for stdlib.h
configure:14018: result: yes
configure:14018: checking for string.h
configure:14018: result: yes
configure:14018: checking sys/ioctl.h usability
configure:14018: /home/wangtinghu/workspace/CORSICA_20251028_REMOVE_HTTPS_UNSAFE_CIPHERS_LIST_CSC/Corsica_adv/trunk/3rdparty/sony/avahi/../../../ti_tools/cgt_a8/arm-2010.09/bin/arm-none-linux-gnueabi-gcc -std=gnu99 -c -I/home/wangtinghu/workspace/CORSICA_20251028_REMOVE_HTTPS_UNSAFE_CIPHERS_LIST_CSC/Corsica_adv/trunk/3rdparty/sony/avahi/opt/wa/include -Wall -W -Wextra -pedantic -pipe -Wformat -Wold-style-definition -Wdeclaration-after-statement -Wfloat-equal -Wmissing-declarations -Wmissing-prototypes -Wstrict-prototypes -Wredundant-decls -Wmissing-noreturn -Wshadow -Wendif-labels -Wpointer-arith -Wbad-function-cast -Wcast-qual -Wcast-align -Wwrite-strings -fdiagnostics-show-option -Wno-cast-qual -fno-strict-aliasing  conftest.c >&5
configure:14018: $? = 0
configure:14018: result: yes
configure:14018: checking sys/ioctl.h presence
configure:14018: /home/wangtinghu/workspace/CORSICA_20251028_REMOVE_HTTPS_UNSAFE_CIPHERS_LIST_CSC/Corsica_adv/trunk/3rdparty/sony/avahi/../../../ti_tools/cgt_a8/arm-2010.09/bin/arm-none-linux-gnueabi-gcc -std=gnu99 -E  conftest.c
configure:14018: $? = 0
configure:14018: result: yes
configure:14018: checking for sys/ioctl.h
configure:14018: result: yes
configure:14018: checking sys/socket.h usability
configure:14018: /home/wangtinghu/workspace/CORSICA_20251028_REMOVE_HTTPS_UNSAFE_CIPHERS_LIST_CSC/Corsica_adv/trunk/3rdparty/sony/avahi/../../../ti_tools/cgt_a8/arm-2010.09/bin/arm-none-linux-gnueabi-gcc -std=gnu99 -c -I/home/wangtinghu/workspace/CORSICA_20251028_REMOVE_HTTPS_UNSAFE_CIPHERS_LIST_CSC/Corsica_adv/trunk/3rdparty/sony/avahi/opt/wa/include -Wall -W -Wextra -pedantic -pipe -Wformat -Wold-style-definition -Wdeclaration-after-statement -Wfloat-equal -Wmissing-declarations -Wmissing-prototypes -Wstrict-prototypes -Wredundant-decls -Wmissing-noreturn -Wshadow -Wendif-labels -Wpointer-arith -Wbad-function-cast -Wcast-qual -Wcast-align -Wwrite-strings -fdiagnostics-show-option -Wno-cast-qual -fno-strict-aliasing  conftest.c >&5
configure:14018: $? = 0
configure:14018: result: yes
configure:14018: checking sys/socket.h presence
configure:14018: /home/wangtinghu/workspace/CORSICA_20251028_REMOVE_HTTPS_UNSAFE_CIPHERS_LIST_CSC/Corsica_adv/trunk/3rdparty/sony/avahi/../../../ti_tools/cgt_a8/arm-2010.09/bin/arm-none-linux-gnueabi-gcc -std=gnu99 -E  conftest.c
configure:14018: $? = 0
configure:14018: result: yes
configure:14018: checking for sys/socket.h
configure:14018: result: yes
configure:14018: checking sys/time.h usability
configure:14018: /home/wangtinghu/workspace/CORSICA_20251028_REMOVE_HTTPS_UNSAFE_CIPHERS_LIST_CSC/Corsica_adv/trunk/3rdparty/sony/avahi/../../../ti_tools/cgt_a8/arm-2010.09/bin/arm-none-linux-gnueabi-gcc -std=gnu99 -c -I/home/wangtinghu/workspace/CORSICA_20251028_REMOVE_HTTPS_UNSAFE_CIPHERS_LIST_CSC/Corsica_adv/trunk/3rdparty/sony/avahi/opt/wa/include -Wall -W -Wextra -pedantic -pipe -Wformat -Wold-style-definition -Wdeclaration-after-statement -Wfloat-equal -Wmissing-declarations -Wmissing-prototypes -Wstrict-prototypes -Wredundant-decls -Wmissing-noreturn -Wshadow -Wendif-labels -Wpointer-arith -Wbad-function-cast -Wcast-qual -Wcast-align -Wwrite-strings -fdiagnostics-show-option -Wno-cast-qual -fno-strict-aliasing  conftest.c >&5
configure:14018: $? = 0
configure:14018: result: yes
configure:14018: checking sys/time.h presence
configure:14018: /home/wangtinghu/workspace/CORSICA_20251028_REMOVE_HTTPS_UNSAFE_CIPHERS_LIST_CSC/Corsica_adv/trunk/3rdparty/sony/avahi/../../../ti_tools/cgt_a8/arm-2010.09/bin/arm-none-linux-gnueabi-gcc -std=gnu99 -E  conftest.c
configure:14018: $? = 0
configure:14018: result: yes
configure:14018: checking for sys/time.h
configure:14018: result: yes
configure:14018: checking for unistd.h
configure:14018: result: yes
configure:14018: checking netdb.h usability
configure:14018: /home/wangtinghu/workspace/CORSICA_20251028_REMOVE_HTTPS_UNSAFE_CIPHERS_LIST_CSC/Corsica_adv/trunk/3rdparty/sony/avahi/../../../ti_tools/cgt_a8/arm-2010.09/bin/arm-none-linux-gnueabi-gcc -std=gnu99 -c -I/home/wangtinghu/workspace/CORSICA_20251028_REMOVE_HTTPS_UNSAFE_CIPHERS_LIST_CSC/Corsica_adv/trunk/3rdparty/sony/avahi/opt/wa/include -Wall -W -Wextra -pedantic -pipe -Wformat -Wold-style-definition -Wdeclaration-after-statement -Wfloat-equal -Wmissing-declarations -Wmissing-prototypes -Wstrict-prototypes -Wredundant-decls -Wmissing-noreturn -Wshadow -Wendif-labels -Wpointer-arith -Wbad-function-cast -Wcast-qual -Wcast-align -Wwrite-strings -fdiagnostics-show-option -Wno-cast-qual -fno-strict-aliasing  conftest.c >&5
configure:14018: $? = 0
configure:14018: result: yes
configure:14018: checking netdb.h presence
configure:14018: /home/wangtinghu/workspace/CORSICA_20251028_REMOVE_HTTPS_UNSAFE_CIPHERS_LIST_CSC/Corsica_adv/trunk/3rdparty/sony/avahi/../../../ti_tools/cgt_a8/arm-2010.09/bin/arm-none-linux-gnueabi-gcc -std=gnu99 -E  conftest.c
configure:14018: $? = 0
configure:14018: result: yes
configure:14018: checking for netdb.h
configure:14018: result: yes
configure:14018: checking syslog.h usability
configure:14018: /home/wangtinghu/workspace/CORSICA_20251028_REMOVE_HTTPS_UNSAFE_CIPHERS_LIST_CSC/Corsica_adv/trunk/3rdparty/sony/avahi/../../../ti_tools/cgt_a8/arm-2010.09/bin/arm-none-linux-gnueabi-gcc -std=gnu99 -c -I/home/wangtinghu/workspace/CORSICA_20251028_REMOVE_HTTPS_UNSAFE_CIPHERS_LIST_CSC/Corsica_adv/trunk/3rdparty/sony/avahi/opt/wa/include -Wall -W -Wextra -pedantic -pipe -Wformat -Wold-style-definition -Wdeclaration-after-statement -Wfloat-equal -Wmissing-declarations -Wmissing-prototypes -Wstrict-prototypes -Wredundant-decls -Wmissing-noreturn -Wshadow -Wendif-labels -Wpointer-arith -Wbad-function-cast -Wcast-qual -Wcast-align -Wwrite-strings -fdiagnostics-show-option -Wno-cast-qual -fno-strict-aliasing  conftest.c >&5
configure:14018: $? = 0
configure:14018: result: yes
configure:14018: checking syslog.h presence
configure:14018: /home/wangtinghu/workspace/CORSICA_20251028_REMOVE_HTTPS_UNSAFE_CIPHERS_LIST_CSC/Corsica_adv/trunk/3rdparty/sony/avahi/../../../ti_tools/cgt_a8/arm-2010.09/bin/arm-none-linux-gnueabi-gcc -std=gnu99 -E  conftest.c
configure:14018: $? = 0
configure:14018: result: yes
configure:14018: checking for syslog.h
configure:14018: result: yes
configure:14028: checking for stdbool.h that conforms to C99
configure:14095: /home/wangtinghu/workspace/CORSICA_20251028_REMOVE_HTTPS_UNSAFE_CIPHERS_LIST_CSC/Corsica_adv/trunk/3rdparty/sony/avahi/../../../ti_tools/cgt_a8/arm-2010.09/bin/arm-none-linux-gnueabi-gcc -std=gnu99 -c -I/home/wangtinghu/workspace/CORSICA_20251028_REMOVE_HTTPS_UNSAFE_CIPHERS_LIST_CSC/Corsica_adv/trunk/3rdparty/sony/avahi/opt/wa/include -Wall -W -Wextra -pedantic -pipe -Wformat -Wold-style-definition -Wdeclaration-after-statement -Wfloat-equal -Wmissing-declarations -Wmissing-prototypes -Wstrict-prototypes -Wredundant-decls -Wmissing-noreturn -Wshadow -Wendif-labels -Wpointer-arith -Wbad-function-cast -Wcast-qual -Wcast-align -Wwrite-strings -fdiagnostics-show-option -Wno-cast-qual -fno-strict-aliasing  conftest.c >&5
conftest.c:92:1: warning: function declaration isn't a prototype [-Wstrict-prototypes]
conftest.c: In function 'main':
conftest.c:92:1: warning: old-style function definition [-Wold-style-definition]
conftest.c:95:14: warning: the address of 's' will always evaluate as 'true' [-Waddress]
conftest.c:99:22: warning: the address of 'a' will always evaluate as 'true' [-Waddress]
conftest.c:99:27: warning: the address of 'b' will always evaluate as 'true' [-Waddress]
conftest.c:99:32: warning: the address of 'c' will always evaluate as 'true' [-Waddress]
conftest.c:99:37: warning: the address of 'd' will always evaluate as 'true' [-Waddress]
conftest.c:99:47: warning: the address of 'f' will always evaluate as 'true' [-Waddress]
conftest.c:99:52: warning: the address of 'g' will always evaluate as 'true' [-Waddress]
conftest.c:99:57: warning: the address of 'h' will always evaluate as 'true' [-Waddress]
conftest.c:99:62: warning: the address of 'i' will always evaluate as 'true' [-Waddress]
conftest.c:100:29: warning: the address of 'n' will always evaluate as 'true' [-Waddress]
conftest.c:100:34: warning: the address of 'o' will always evaluate as 'true' [-Waddress]
conftest.c:100:39: warning: the address of 'p' will always evaluate as 'true' [-Waddress]
configure:14095: $? = 0
configure:14102: result: yes
configure:14104: checking for _Bool
configure:14104: /home/wangtinghu/workspace/CORSICA_20251028_REMOVE_HTTPS_UNSAFE_CIPHERS_LIST_CSC/Corsica_adv/trunk/3rdparty/sony/avahi/../../../ti_tools/cgt_a8/arm-2010.09/bin/arm-none-linux-gnueabi-gcc -std=gnu99 -c -I/home/wangtinghu/workspace/CORSICA_20251028_REMOVE_HTTPS_UNSAFE_CIPHERS_LIST_CSC/Corsica_adv/trunk/3rdparty/sony/avahi/opt/wa/include -Wall -W -Wextra -pedantic -pipe -Wformat -Wold-style-definition -Wdeclaration-after-statement -Wfloat-equal -Wmissing-declarations -Wmissing-prototypes -Wstrict-prototypes -Wredundant-decls -Wmissing-noreturn -Wshadow -Wendif-labels -Wpointer-arith -Wbad-function-cast -Wcast-qual -Wcast-align -Wwrite-strings -fdiagnostics-show-option -Wno-cast-qual -fno-strict-aliasing  conftest.c >&5
conftest.c:80:1: warning: function declaration isn't a prototype [-Wstrict-prototypes]
conftest.c: In function 'main':
conftest.c:80:1: warning: old-style function definition [-Wold-style-definition]
configure:14104: $? = 0
configure:14104: /home/wangtinghu/workspace/CORSICA_20251028_REMOVE_HTTPS_UNSAFE_CIPHERS_LIST_CSC/Corsica_adv/trunk/3rdparty/sony/avahi/../../../ti_tools/cgt_a8/arm-2010.09/bin/arm-none-linux-gnueabi-gcc -std=gnu99 -c -I/home/wangtinghu/workspace/CORSICA_20251028_REMOVE_HTTPS_UNSAFE_CIPHERS_LIST_CSC/Corsica_adv/trunk/3rdparty/sony/avahi/opt/wa/include -Wall -W -Wextra -pedantic -pipe -Wformat -Wold-style-definition -Wdeclaration-after-statement -Wfloat-equal -Wmissing-declarations -Wmissing-prototypes -Wstrict-prototypes -Wredundant-decls -Wmissing-noreturn -Wshadow -Wendif-labels -Wpointer-arith -Wbad-function-cast -Wcast-qual -Wcast-align -Wwrite-strings -fdiagnostics-show-option -Wno-cast-qual -fno-strict-aliasing  conftest.c >&5
conftest.c:80:1: warning: function declaration isn't a prototype [-Wstrict-prototypes]
conftest.c: In function 'main':
conftest.c:80:1: warning: old-style function definition [-Wold-style-definition]
conftest.c:82:20: error: expected expression before ')' token
configure:14104: $? = 1
configure: failed program was:
| /* confdefs.h */
| #define PACKAGE_NAME "avahi"
| #define PACKAGE_TARNAME "avahi"
| #define PACKAGE_VERSION "0.8"
| #define PACKAGE_STRING "avahi 0.8"
| #define PACKAGE_BUGREPORT "avahi (at) lists (dot) freedesktop (dot) org"
| #define PACKAGE_URL ""
| #define PACKAGE "avahi"
| #define VERSION "0.8"
| #define STDC_HEADERS 1
| #define HAVE_SYS_TYPES_H 1
| #define HAVE_SYS_STAT_H 1
| #define HAVE_STDLIB_H 1
| #define HAVE_STRING_H 1
| #define HAVE_MEMORY_H 1
| #define HAVE_STRINGS_H 1
| #define HAVE_INTTYPES_H 1
| #define HAVE_STDINT_H 1
| #define HAVE_UNISTD_H 1
| #define __EXTENSIONS__ 1
| #define _ALL_SOURCE 1
| #define _GNU_SOURCE 1
| #define _POSIX_PTHREAD_SEMANTICS 1
| #define _TANDEM_SOURCE 1
| #define HAVE_DLFCN_H 1
| #define LT_OBJDIR ".libs/"
| #define HAVE_PTHREAD 1
| #define HAVE_NETLINK /**/
| #define HAVE_SYS_SYSCTL_H /**/
| #define HAVE_STRUCT_IP_MREQN /**/
| #define STDC_HEADERS 1
| #define HAVE_ARPA_INET_H 1
| #define HAVE_FCNTL_H 1
| #define HAVE_INTTYPES_H 1
| #define HAVE_LIMITS_H 1
| #define HAVE_NETINET_IN_H 1
| #define HAVE_STDLIB_H 1
| #define HAVE_STRING_H 1
| #define HAVE_SYS_IOCTL_H 1
| #define HAVE_SYS_SOCKET_H 1
| #define HAVE_SYS_TIME_H 1
| #define HAVE_UNISTD_H 1
| #define HAVE_NETDB_H 1
| #define HAVE_SYSLOG_H 1
| /* end confdefs.h.  */
| #include <stdio.h>
| #ifdef HAVE_SYS_TYPES_H
| # include <sys/types.h>
| #endif
| #ifdef HAVE_SYS_STAT_H
| # include <sys/stat.h>
| #endif
| #ifdef STDC_HEADERS
| # include <stdlib.h>
| # include <stddef.h>
| #else
| # ifdef HAVE_STDLIB_H
| #  include <stdlib.h>
| # endif
| #endif
| #ifdef HAVE_STRING_H
| # if !defined STDC_HEADERS && defined HAVE_MEMORY_H
| #  include <memory.h>
| # endif
| # include <string.h>
| #endif
| #ifdef HAVE_STRINGS_H
| # include <strings.h>
| #endif
| #ifdef HAVE_INTTYPES_H
| # include <inttypes.h>
| #endif
| #ifdef HAVE_STDINT_H
| # include <stdint.h>
| #endif
| #ifdef HAVE_UNISTD_H
| # include <unistd.h>
| #endif
| int
| main ()
| {
| if (sizeof ((_Bool)))
| 	    return 0;
|   ;
|   return 0;
| }
configure:14104: result: yes
configure:14123: checking for an ANSI C-conforming const
configure:14189: /home/wangtinghu/workspace/CORSICA_20251028_REMOVE_HTTPS_UNSAFE_CIPHERS_LIST_CSC/Corsica_adv/trunk/3rdparty/sony/avahi/../../../ti_tools/cgt_a8/arm-2010.09/bin/arm-none-linux-gnueabi-gcc -std=gnu99 -c -I/home/wangtinghu/workspace/CORSICA_20251028_REMOVE_HTTPS_UNSAFE_CIPHERS_LIST_CSC/Corsica_adv/trunk/3rdparty/sony/avahi/opt/wa/include -Wall -W -Wextra -pedantic -pipe -Wformat -Wold-style-definition -Wdeclaration-after-statement -Wfloat-equal -Wmissing-declarations -Wmissing-prototypes -Wstrict-prototypes -Wredundant-decls -Wmissing-noreturn -Wshadow -Wendif-labels -Wpointer-arith -Wbad-function-cast -Wcast-qual -Wcast-align -Wwrite-strings -fdiagnostics-show-option -Wno-cast-qual -fno-strict-aliasing  conftest.c >&5
conftest.c:50:1: warning: function declaration isn't a prototype [-Wstrict-prototypes]
conftest.c: In function 'main':
conftest.c:50:1: warning: old-style function definition [-Wold-style-definition]
configure:14189: $? = 0
configure:14196: result: yes
configure:14204: checking for size_t
configure:14204: /home/wangtinghu/workspace/CORSICA_20251028_REMOVE_HTTPS_UNSAFE_CIPHERS_LIST_CSC/Corsica_adv/trunk/3rdparty/sony/avahi/../../../ti_tools/cgt_a8/arm-2010.09/bin/arm-none-linux-gnueabi-gcc -std=gnu99 -c -I/home/wangtinghu/workspace/CORSICA_20251028_REMOVE_HTTPS_UNSAFE_CIPHERS_LIST_CSC/Corsica_adv/trunk/3rdparty/sony/avahi/opt/wa/include -Wall -W -Wextra -pedantic -pipe -Wformat -Wold-style-definition -Wdeclaration-after-statement -Wfloat-equal -Wmissing-declarations -Wmissing-prototypes -Wstrict-prototypes -Wredundant-decls -Wmissing-noreturn -Wshadow -Wendif-labels -Wpointer-arith -Wbad-function-cast -Wcast-qual -Wcast-align -Wwrite-strings -fdiagnostics-show-option -Wno-cast-qual -fno-strict-aliasing  conftest.c >&5
conftest.c:82:1: warning: function declaration isn't a prototype [-Wstrict-prototypes]
conftest.c: In function 'main':
conftest.c:82:1: warning: old-style function definition [-Wold-style-definition]
configure:14204: $? = 0
configure:14204: /home/wangtinghu/workspace/CORSICA_20251028_REMOVE_HTTPS_UNSAFE_CIPHERS_LIST_CSC/Corsica_adv/trunk/3rdparty/sony/avahi/../../../ti_tools/cgt_a8/arm-2010.09/bin/arm-none-linux-gnueabi-gcc -std=gnu99 -c -I/home/wangtinghu/workspace/CORSICA_20251028_REMOVE_HTTPS_UNSAFE_CIPHERS_LIST_CSC/Corsica_adv/trunk/3rdparty/sony/avahi/opt/wa/include -Wall -W -Wextra -pedantic -pipe -Wformat -Wold-style-definition -Wdeclaration-after-statement -Wfloat-equal -Wmissing-declarations -Wmissing-prototypes -Wstrict-prototypes -Wredundant-decls -Wmissing-noreturn -Wshadow -Wendif-labels -Wpointer-arith -Wbad-function-cast -Wcast-qual -Wcast-align -Wwrite-strings -fdiagnostics-show-option -Wno-cast-qual -fno-strict-aliasing  conftest.c >&5
conftest.c:82:1: warning: function declaration isn't a prototype [-Wstrict-prototypes]
conftest.c: In function 'main':
conftest.c:82:1: warning: old-style function definition [-Wold-style-definition]
conftest.c:84:21: error: expected expression before ')' token
configure:14204: $? = 1
configure: failed program was:
| /* confdefs.h */
| #define PACKAGE_NAME "avahi"
| #define PACKAGE_TARNAME "avahi"
| #define PACKAGE_VERSION "0.8"
| #define PACKAGE_STRING "avahi 0.8"
| #define PACKAGE_BUGREPORT "avahi (at) lists (dot) freedesktop (dot) org"
| #define PACKAGE_URL ""
| #define PACKAGE "avahi"
| #define VERSION "0.8"
| #define STDC_HEADERS 1
| #define HAVE_SYS_TYPES_H 1
| #define HAVE_SYS_STAT_H 1
| #define HAVE_STDLIB_H 1
| #define HAVE_STRING_H 1
| #define HAVE_MEMORY_H 1
| #define HAVE_STRINGS_H 1
| #define HAVE_INTTYPES_H 1
| #define HAVE_STDINT_H 1
| #define HAVE_UNISTD_H 1
| #define __EXTENSIONS__ 1
| #define _ALL_SOURCE 1
| #define _GNU_SOURCE 1
| #define _POSIX_PTHREAD_SEMANTICS 1
| #define _TANDEM_SOURCE 1
| #define HAVE_DLFCN_H 1
| #define LT_OBJDIR ".libs/"
| #define HAVE_PTHREAD 1
| #define HAVE_NETLINK /**/
| #define HAVE_SYS_SYSCTL_H /**/
| #define HAVE_STRUCT_IP_MREQN /**/
| #define STDC_HEADERS 1
| #define HAVE_ARPA_INET_H 1
| #define HAVE_FCNTL_H 1
| #define HAVE_INTTYPES_H 1
| #define HAVE_LIMITS_H 1
| #define HAVE_NETINET_IN_H 1
| #define HAVE_STDLIB_H 1
| #define HAVE_STRING_H 1
| #define HAVE_SYS_IOCTL_H 1
| #define HAVE_SYS_SOCKET_H 1
| #define HAVE_SYS_TIME_H 1
| #define HAVE_UNISTD_H 1
| #define HAVE_NETDB_H 1
| #define HAVE_SYSLOG_H 1
| #define HAVE__BOOL 1
| #define HAVE_STDBOOL_H 1
| /* end confdefs.h.  */
| #include <stdio.h>
| #ifdef HAVE_SYS_TYPES_H
| # include <sys/types.h>
| #endif
| #ifdef HAVE_SYS_STAT_H
| # include <sys/stat.h>
| #endif
| #ifdef STDC_HEADERS
| # include <stdlib.h>
| # include <stddef.h>
| #else
| # ifdef HAVE_STDLIB_H
| #  include <stdlib.h>
| # endif
| #endif
| #ifdef HAVE_STRING_H
| # if !defined STDC_HEADERS && defined HAVE_MEMORY_H
| #  include <memory.h>
| # endif
| # include <string.h>
| #endif
| #ifdef HAVE_STRINGS_H
| # include <strings.h>
| #endif
| #ifdef HAVE_INTTYPES_H
| # include <inttypes.h>
| #endif
| #ifdef HAVE_STDINT_H
| # include <stdint.h>
| #endif
| #ifdef HAVE_UNISTD_H
| # include <unistd.h>
| #endif
| int
| main ()
| {
| if (sizeof ((size_t)))
| 	    return 0;
|   ;
|   return 0;
| }
configure:14204: result: yes
configure:14215: checking whether time.h and sys/time.h may both be included
configure:14235: /home/wangtinghu/workspace/CORSICA_20251028_REMOVE_HTTPS_UNSAFE_CIPHERS_LIST_CSC/Corsica_adv/trunk/3rdparty/sony/avahi/../../../ti_tools/cgt_a8/arm-2010.09/bin/arm-none-linux-gnueabi-gcc -std=gnu99 -c -I/home/wangtinghu/workspace/CORSICA_20251028_REMOVE_HTTPS_UNSAFE_CIPHERS_LIST_CSC/Corsica_adv/trunk/3rdparty/sony/avahi/opt/wa/include -Wall -W -Wextra -pedantic -pipe -Wformat -Wold-style-definition -Wdeclaration-after-statement -Wfloat-equal -Wmissing-declarations -Wmissing-prototypes -Wstrict-prototypes -Wredundant-decls -Wmissing-noreturn -Wshadow -Wendif-labels -Wpointer-arith -Wbad-function-cast -Wcast-qual -Wcast-align -Wwrite-strings -fdiagnostics-show-option -Wno-cast-qual -fno-strict-aliasing  conftest.c >&5
conftest.c:53:1: warning: function declaration isn't a prototype [-Wstrict-prototypes]
conftest.c: In function 'main':
conftest.c:53:1: warning: old-style function definition [-Wold-style-definition]
configure:14235: $? = 0
configure:14242: result: yes
configure:14250: checking for sys/wait.h that is POSIX.1 compatible
configure:14276: /home/wangtinghu/workspace/CORSICA_20251028_REMOVE_HTTPS_UNSAFE_CIPHERS_LIST_CSC/Corsica_adv/trunk/3rdparty/sony/avahi/../../../ti_tools/cgt_a8/arm-2010.09/bin/arm-none-linux-gnueabi-gcc -std=gnu99 -c -I/home/wangtinghu/workspace/CORSICA_20251028_REMOVE_HTTPS_UNSAFE_CIPHERS_LIST_CSC/Corsica_adv/trunk/3rdparty/sony/avahi/opt/wa/include -Wall -W -Wextra -pedantic -pipe -Wformat -Wold-style-definition -Wdeclaration-after-statement -Wfloat-equal -Wmissing-declarations -Wmissing-prototypes -Wstrict-prototypes -Wredundant-decls -Wmissing-noreturn -Wshadow -Wendif-labels -Wpointer-arith -Wbad-function-cast -Wcast-qual -Wcast-align -Wwrite-strings -fdiagnostics-show-option -Wno-cast-qual -fno-strict-aliasing  conftest.c >&5
conftest.c:59:1: warning: function declaration isn't a prototype [-Wstrict-prototypes]
conftest.c: In function 'main':
conftest.c:59:1: warning: old-style function definition [-Wold-style-definition]
configure:14276: $? = 0
configure:14283: result: yes
configure:14293: checking for library containing inet_ntop
configure:14324: /home/wangtinghu/workspace/CORSICA_20251028_REMOVE_HTTPS_UNSAFE_CIPHERS_LIST_CSC/Corsica_adv/trunk/3rdparty/sony/avahi/../../../ti_tools/cgt_a8/arm-2010.09/bin/arm-none-linux-gnueabi-gcc -std=gnu99 -o conftest -I/home/wangtinghu/workspace/CORSICA_20251028_REMOVE_HTTPS_UNSAFE_CIPHERS_LIST_CSC/Corsica_adv/trunk/3rdparty/sony/avahi/opt/wa/include -Wall -W -Wextra -pedantic -pipe -Wformat -Wold-style-definition -Wdeclaration-after-statement -Wfloat-equal -Wmissing-declarations -Wmissing-prototypes -Wstrict-prototypes -Wredundant-decls -Wmissing-noreturn -Wshadow -Wendif-labels -Wpointer-arith -Wbad-function-cast -Wcast-qual -Wcast-align -Wwrite-strings -fdiagnostics-show-option -Wno-cast-qual -fno-strict-aliasing  -static -static-libgcc -L/home/wangtinghu/workspace/CORSICA_20251028_REMOVE_HTTPS_UNSAFE_CIPHERS_LIST_CSC/Corsica_adv/trunk/3rdparty/sony/avahi/opt/wa/lib conftest.c  >&5
conftest.c:57:1: warning: function declaration isn't a prototype [-Wstrict-prototypes]
conftest.c:59:1: warning: function declaration isn't a prototype [-Wstrict-prototypes]
conftest.c: In function 'main':
conftest.c:59:1: warning: old-style function definition [-Wold-style-definition]
configure:14324: $? = 0
configure:14341: result: none required
configure:14349: checking for library containing recv
configure:14380: /home/wangtinghu/workspace/CORSICA_20251028_REMOVE_HTTPS_UNSAFE_CIPHERS_LIST_CSC/Corsica_adv/trunk/3rdparty/sony/avahi/../../../ti_tools/cgt_a8/arm-2010.09/bin/arm-none-linux-gnueabi-gcc -std=gnu99 -o conftest -I/home/wangtinghu/workspace/CORSICA_20251028_REMOVE_HTTPS_UNSAFE_CIPHERS_LIST_CSC/Corsica_adv/trunk/3rdparty/sony/avahi/opt/wa/include -Wall -W -Wextra -pedantic -pipe -Wformat -Wold-style-definition -Wdeclaration-after-statement -Wfloat-equal -Wmissing-declarations -Wmissing-prototypes -Wstrict-prototypes -Wredundant-decls -Wmissing-noreturn -Wshadow -Wendif-labels -Wpointer-arith -Wbad-function-cast -Wcast-qual -Wcast-align -Wwrite-strings -fdiagnostics-show-option -Wno-cast-qual -fno-strict-aliasing  -static -static-libgcc -L/home/wangtinghu/workspace/CORSICA_20251028_REMOVE_HTTPS_UNSAFE_CIPHERS_LIST_CSC/Corsica_adv/trunk/3rdparty/sony/avahi/opt/wa/lib conftest.c  >&5
conftest.c:57:1: warning: function declaration isn't a prototype [-Wstrict-prototypes]
conftest.c:59:1: warning: function declaration isn't a prototype [-Wstrict-prototypes]
conftest.c: In function 'main':
conftest.c:59:1: warning: old-style function definition [-Wold-style-definition]
configure:14380: $? = 0
configure:14397: result: none required
configure:14405: checking whether CMSG_SPACE is declared
configure:14405: /home/wangtinghu/workspace/CORSICA_20251028_REMOVE_HTTPS_UNSAFE_CIPHERS_LIST_CSC/Corsica_adv/trunk/3rdparty/sony/avahi/../../../ti_tools/cgt_a8/arm-2010.09/bin/arm-none-linux-gnueabi-gcc -std=gnu99 -c -I/home/wangtinghu/workspace/CORSICA_20251028_REMOVE_HTTPS_UNSAFE_CIPHERS_LIST_CSC/Corsica_adv/trunk/3rdparty/sony/avahi/opt/wa/include -Wall -W -Wextra -pedantic -pipe -Wformat -Wold-style-definition -Wdeclaration-after-statement -Wfloat-equal -Wmissing-declarations -Wmissing-prototypes -Wstrict-prototypes -Wredundant-decls -Wmissing-noreturn -Wshadow -Wendif-labels -Wpointer-arith -Wbad-function-cast -Wcast-qual -Wcast-align -Wwrite-strings -fdiagnostics-show-option -Wno-cast-qual -fno-strict-aliasing  conftest.c >&5
conftest.c:53:1: warning: function declaration isn't a prototype [-Wstrict-prototypes]
conftest.c: In function 'main':
conftest.c:53:1: warning: old-style function definition [-Wold-style-definition]
configure:14405: $? = 0
configure:14405: result: yes
configure:14415: checking for working memcmp
configure:14468: result: no
configure:14480: checking sys/select.h usability
configure:14480: /home/wangtinghu/workspace/CORSICA_20251028_REMOVE_HTTPS_UNSAFE_CIPHERS_LIST_CSC/Corsica_adv/trunk/3rdparty/sony/avahi/../../../ti_tools/cgt_a8/arm-2010.09/bin/arm-none-linux-gnueabi-gcc -std=gnu99 -c -I/home/wangtinghu/workspace/CORSICA_20251028_REMOVE_HTTPS_UNSAFE_CIPHERS_LIST_CSC/Corsica_adv/trunk/3rdparty/sony/avahi/opt/wa/include -Wall -W -Wextra -pedantic -pipe -Wformat -Wold-style-definition -Wdeclaration-after-statement -Wfloat-equal -Wmissing-declarations -Wmissing-prototypes -Wstrict-prototypes -Wredundant-decls -Wmissing-noreturn -Wshadow -Wendif-labels -Wpointer-arith -Wbad-function-cast -Wcast-qual -Wcast-align -Wwrite-strings -fdiagnostics-show-option -Wno-cast-qual -fno-strict-aliasing  conftest.c >&5
configure:14480: $? = 0
configure:14480: result: yes
configure:14480: checking sys/select.h presence
configure:14480: /home/wangtinghu/workspace/CORSICA_20251028_REMOVE_HTTPS_UNSAFE_CIPHERS_LIST_CSC/Corsica_adv/trunk/3rdparty/sony/avahi/../../../ti_tools/cgt_a8/arm-2010.09/bin/arm-none-linux-gnueabi-gcc -std=gnu99 -E  conftest.c
configure:14480: $? = 0
configure:14480: result: yes
configure:14480: checking for sys/select.h
configure:14480: result: yes
configure:14480: checking for sys/socket.h
configure:14480: result: yes
configure:14490: checking types of arguments for select
configure:14518: /home/wangtinghu/workspace/CORSICA_20251028_REMOVE_HTTPS_UNSAFE_CIPHERS_LIST_CSC/Corsica_adv/trunk/3rdparty/sony/avahi/../../../ti_tools/cgt_a8/arm-2010.09/bin/arm-none-linux-gnueabi-gcc -std=gnu99 -c -I/home/wangtinghu/workspace/CORSICA_20251028_REMOVE_HTTPS_UNSAFE_CIPHERS_LIST_CSC/Corsica_adv/trunk/3rdparty/sony/avahi/opt/wa/include -Wall -W -Wextra -pedantic -pipe -Wformat -Wold-style-definition -Wdeclaration-after-statement -Wfloat-equal -Wmissing-declarations -Wmissing-prototypes -Wstrict-prototypes -Wredundant-decls -Wmissing-noreturn -Wshadow -Wendif-labels -Wpointer-arith -Wbad-function-cast -Wcast-qual -Wcast-align -Wwrite-strings -fdiagnostics-show-option -Wno-cast-qual -fno-strict-aliasing  conftest.c >&5
conftest.c:93:1: warning: function declaration isn't a prototype [-Wstrict-prototypes]
conftest.c: In function 'main':
conftest.c:93:1: warning: old-style function definition [-Wold-style-definition]
conftest.c:95:12: warning: redundant redeclaration of 'select' [-Wredundant-decls]
/home/wangtinghu/workspace/CORSICA_20251028_REMOVE_HTTPS_UNSAFE_CIPHERS_LIST_CSC/Corsica_adv/trunk/ti_tools/cgt_a8/arm-2010.09/bin/../arm-none-linux-gnueabi/libc/usr/include/sys/select.h:109:12: note: previous declaration of 'select' was here
configure:14518: $? = 0
configure:14529: result: int,fd_set *,struct timeval *
configure:14559: checking for gethostname
configure:14559: /home/wangtinghu/workspace/CORSICA_20251028_REMOVE_HTTPS_UNSAFE_CIPHERS_LIST_CSC/Corsica_adv/trunk/3rdparty/sony/avahi/../../../ti_tools/cgt_a8/arm-2010.09/bin/arm-none-linux-gnueabi-gcc -std=gnu99 -o conftest -I/home/wangtinghu/workspace/CORSICA_20251028_REMOVE_HTTPS_UNSAFE_CIPHERS_LIST_CSC/Corsica_adv/trunk/3rdparty/sony/avahi/opt/wa/include -Wall -W -Wextra -pedantic -pipe -Wformat -Wold-style-definition -Wdeclaration-after-statement -Wfloat-equal -Wmissing-declarations -Wmissing-prototypes -Wstrict-prototypes -Wredundant-decls -Wmissing-noreturn -Wshadow -Wendif-labels -Wpointer-arith -Wbad-function-cast -Wcast-qual -Wcast-align -Wwrite-strings -fdiagnostics-show-option -Wno-cast-qual -fno-strict-aliasing  -static -static-libgcc -L/home/wangtinghu/workspace/CORSICA_20251028_REMOVE_HTTPS_UNSAFE_CIPHERS_LIST_CSC/Corsica_adv/trunk/3rdparty/sony/avahi/opt/wa/lib conftest.c  >&5
conftest.c:78:1: warning: function declaration isn't a prototype [-Wstrict-prototypes]
conftest.c:87:1: warning: function declaration isn't a prototype [-Wstrict-prototypes]
conftest.c: In function 'main':
conftest.c:87:1: warning: old-style function definition [-Wold-style-definition]
configure:14559: $? = 0
configure:14559: result: yes
configure:14559: checking for memchr
configure:14559: /home/wangtinghu/workspace/CORSICA_20251028_REMOVE_HTTPS_UNSAFE_CIPHERS_LIST_CSC/Corsica_adv/trunk/3rdparty/sony/avahi/../../../ti_tools/cgt_a8/arm-2010.09/bin/arm-none-linux-gnueabi-gcc -std=gnu99 -o conftest -I/home/wangtinghu/workspace/CORSICA_20251028_REMOVE_HTTPS_UNSAFE_CIPHERS_LIST_CSC/Corsica_adv/trunk/3rdparty/sony/avahi/opt/wa/include -Wall -W -Wextra -pedantic -pipe -Wformat -Wold-style-definition -Wdeclaration-after-statement -Wfloat-equal -Wmissing-declarations -Wmissing-prototypes -Wstrict-prototypes -Wredundant-decls -Wmissing-noreturn -Wshadow -Wendif-labels -Wpointer-arith -Wbad-function-cast -Wcast-qual -Wcast-align -Wwrite-strings -fdiagnostics-show-option -Wno-cast-qual -fno-strict-aliasing  -static -static-libgcc -L/home/wangtinghu/workspace/CORSICA_20251028_REMOVE_HTTPS_UNSAFE_CIPHERS_LIST_CSC/Corsica_adv/trunk/3rdparty/sony/avahi/opt/wa/lib conftest.c  >&5
conftest.c:79:1: warning: function declaration isn't a prototype [-Wstrict-prototypes]
conftest.c:79:6: warning: conflicting types for built-in function 'memchr'
conftest.c:88:1: warning: function declaration isn't a prototype [-Wstrict-prototypes]
conftest.c: In function 'main':
conftest.c:88:1: warning: old-style function definition [-Wold-style-definition]
configure:14559: $? = 0
configure:14559: result: yes
configure:14559: checking for memmove
configure:14559: /home/wangtinghu/workspace/CORSICA_20251028_REMOVE_HTTPS_UNSAFE_CIPHERS_LIST_CSC/Corsica_adv/trunk/3rdparty/sony/avahi/../../../ti_tools/cgt_a8/arm-2010.09/bin/arm-none-linux-gnueabi-gcc -std=gnu99 -o conftest -I/home/wangtinghu/workspace/CORSICA_20251028_REMOVE_HTTPS_UNSAFE_CIPHERS_LIST_CSC/Corsica_adv/trunk/3rdparty/sony/avahi/opt/wa/include -Wall -W -Wextra -pedantic -pipe -Wformat -Wold-style-definition -Wdeclaration-after-statement -Wfloat-equal -Wmissing-declarations -Wmissing-prototypes -Wstrict-prototypes -Wredundant-decls -Wmissing-noreturn -Wshadow -Wendif-labels -Wpointer-arith -Wbad-function-cast -Wcast-qual -Wcast-align -Wwrite-strings -fdiagnostics-show-option -Wno-cast-qual -fno-strict-aliasing  -static -static-libgcc -L/home/wangtinghu/workspace/CORSICA_20251028_REMOVE_HTTPS_UNSAFE_CIPHERS_LIST_CSC/Corsica_adv/trunk/3rdparty/sony/avahi/opt/wa/lib conftest.c  >&5
conftest.c:80:1: warning: function declaration isn't a prototype [-Wstrict-prototypes]
conftest.c:80:6: warning: conflicting types for built-in function 'memmove'
conftest.c:89:1: warning: function declaration isn't a prototype [-Wstrict-prototypes]
conftest.c: In function 'main':
conftest.c:89:1: warning: old-style function definition [-Wold-style-definition]
configure:14559: $? = 0
configure:14559: result: yes
configure:14559: checking for memset
configure:14559: /home/wangtinghu/workspace/CORSICA_20251028_REMOVE_HTTPS_UNSAFE_CIPHERS_LIST_CSC/Corsica_adv/trunk/3rdparty/sony/avahi/../../../ti_tools/cgt_a8/arm-2010.09/bin/arm-none-linux-gnueabi-gcc -std=gnu99 -o conftest -I/home/wangtinghu/workspace/CORSICA_20251028_REMOVE_HTTPS_UNSAFE_CIPHERS_LIST_CSC/Corsica_adv/trunk/3rdparty/sony/avahi/opt/wa/include -Wall -W -Wextra -pedantic -pipe -Wformat -Wold-style-definition -Wdeclaration-after-statement -Wfloat-equal -Wmissing-declarations -Wmissing-prototypes -Wstrict-prototypes -Wredundant-decls -Wmissing-noreturn -Wshadow -Wendif-labels -Wpointer-arith -Wbad-function-cast -Wcast-qual -Wcast-align -Wwrite-strings -fdiagnostics-show-option -Wno-cast-qual -fno-strict-aliasing  -static -static-libgcc -L/home/wangtinghu/workspace/CORSICA_20251028_REMOVE_HTTPS_UNSAFE_CIPHERS_LIST_CSC/Corsica_adv/trunk/3rdparty/sony/avahi/opt/wa/lib conftest.c  >&5
conftest.c:81:1: warning: function declaration isn't a prototype [-Wstrict-prototypes]
conftest.c:81:6: warning: conflicting types for built-in function 'memset'
conftest.c:90:1: warning: function declaration isn't a prototype [-Wstrict-prototypes]
conftest.c: In function 'main':
conftest.c:90:1: warning: old-style function definition [-Wold-style-definition]
configure:14559: $? = 0
configure:14559: result: yes
configure:14559: checking for mkdir
configure:14559: /home/wangtinghu/workspace/CORSICA_20251028_REMOVE_HTTPS_UNSAFE_CIPHERS_LIST_CSC/Corsica_adv/trunk/3rdparty/sony/avahi/../../../ti_tools/cgt_a8/arm-2010.09/bin/arm-none-linux-gnueabi-gcc -std=gnu99 -o conftest -I/home/wangtinghu/workspace/CORSICA_20251028_REMOVE_HTTPS_UNSAFE_CIPHERS_LIST_CSC/Corsica_adv/trunk/3rdparty/sony/avahi/opt/wa/include -Wall -W -Wextra -pedantic -pipe -Wformat -Wold-style-definition -Wdeclaration-after-statement -Wfloat-equal -Wmissing-declarations -Wmissing-prototypes -Wstrict-prototypes -Wredundant-decls -Wmissing-noreturn -Wshadow -Wendif-labels -Wpointer-arith -Wbad-function-cast -Wcast-qual -Wcast-align -Wwrite-strings -fdiagnostics-show-option -Wno-cast-qual -fno-strict-aliasing  -static -static-libgcc -L/home/wangtinghu/workspace/CORSICA_20251028_REMOVE_HTTPS_UNSAFE_CIPHERS_LIST_CSC/Corsica_adv/trunk/3rdparty/sony/avahi/opt/wa/lib conftest.c  >&5
conftest.c:82:1: warning: function declaration isn't a prototype [-Wstrict-prototypes]
conftest.c:91:1: warning: function declaration isn't a prototype [-Wstrict-prototypes]
conftest.c: In function 'main':
conftest.c:91:1: warning: old-style function definition [-Wold-style-definition]
configure:14559: $? = 0
configure:14559: result: yes
configure:14559: checking for select
configure:14559: /home/wangtinghu/workspace/CORSICA_20251028_REMOVE_HTTPS_UNSAFE_CIPHERS_LIST_CSC/Corsica_adv/trunk/3rdparty/sony/avahi/../../../ti_tools/cgt_a8/arm-2010.09/bin/arm-none-linux-gnueabi-gcc -std=gnu99 -o conftest -I/home/wangtinghu/workspace/CORSICA_20251028_REMOVE_HTTPS_UNSAFE_CIPHERS_LIST_CSC/Corsica_adv/trunk/3rdparty/sony/avahi/opt/wa/include -Wall -W -Wextra -pedantic -pipe -Wformat -Wold-style-definition -Wdeclaration-after-statement -Wfloat-equal -Wmissing-declarations -Wmissing-prototypes -Wstrict-prototypes -Wredundant-decls -Wmissing-noreturn -Wshadow -Wendif-labels -Wpointer-arith -Wbad-function-cast -Wcast-qual -Wcast-align -Wwrite-strings -fdiagnostics-show-option -Wno-cast-qual -fno-strict-aliasing  -static -static-libgcc -L/home/wangtinghu/workspace/CORSICA_20251028_REMOVE_HTTPS_UNSAFE_CIPHERS_LIST_CSC/Corsica_adv/trunk/3rdparty/sony/avahi/opt/wa/lib conftest.c  >&5
conftest.c:83:1: warning: function declaration isn't a prototype [-Wstrict-prototypes]
conftest.c:92:1: warning: function declaration isn't a prototype [-Wstrict-prototypes]
conftest.c: In function 'main':
conftest.c:92:1: warning: old-style function definition [-Wold-style-definition]
configure:14559: $? = 0
configure:14559: result: yes
configure:14559: checking for socket
configure:14559: /home/wangtinghu/workspace/CORSICA_20251028_REMOVE_HTTPS_UNSAFE_CIPHERS_LIST_CSC/Corsica_adv/trunk/3rdparty/sony/avahi/../../../ti_tools/cgt_a8/arm-2010.09/bin/arm-none-linux-gnueabi-gcc -std=gnu99 -o conftest -I/home/wangtinghu/workspace/CORSICA_20251028_REMOVE_HTTPS_UNSAFE_CIPHERS_LIST_CSC/Corsica_adv/trunk/3rdparty/sony/avahi/opt/wa/include -Wall -W -Wextra -pedantic -pipe -Wformat -Wold-style-definition -Wdeclaration-after-statement -Wfloat-equal -Wmissing-declarations -Wmissing-prototypes -Wstrict-prototypes -Wredundant-decls -Wmissing-noreturn -Wshadow -Wendif-labels -Wpointer-arith -Wbad-function-cast -Wcast-qual -Wcast-align -Wwrite-strings -fdiagnostics-show-option -Wno-cast-qual -fno-strict-aliasing  -static -static-libgcc -L/home/wangtinghu/workspace/CORSICA_20251028_REMOVE_HTTPS_UNSAFE_CIPHERS_LIST_CSC/Corsica_adv/trunk/3rdparty/sony/avahi/opt/wa/lib conftest.c  >&5
conftest.c:84:1: warning: function declaration isn't a prototype [-Wstrict-prototypes]
conftest.c:93:1: warning: function declaration isn't a prototype [-Wstrict-prototypes]
conftest.c: In function 'main':
conftest.c:93:1: warning: old-style function definition [-Wold-style-definition]
configure:14559: $? = 0
configure:14559: result: yes
configure:14559: checking for strchr
configure:14559: /home/wangtinghu/workspace/CORSICA_20251028_REMOVE_HTTPS_UNSAFE_CIPHERS_LIST_CSC/Corsica_adv/trunk/3rdparty/sony/avahi/../../../ti_tools/cgt_a8/arm-2010.09/bin/arm-none-linux-gnueabi-gcc -std=gnu99 -o conftest -I/home/wangtinghu/workspace/CORSICA_20251028_REMOVE_HTTPS_UNSAFE_CIPHERS_LIST_CSC/Corsica_adv/trunk/3rdparty/sony/avahi/opt/wa/include -Wall -W -Wextra -pedantic -pipe -Wformat -Wold-style-definition -Wdeclaration-after-statement -Wfloat-equal -Wmissing-declarations -Wmissing-prototypes -Wstrict-prototypes -Wredundant-decls -Wmissing-noreturn -Wshadow -Wendif-labels -Wpointer-arith -Wbad-function-cast -Wcast-qual -Wcast-align -Wwrite-strings -fdiagnostics-show-option -Wno-cast-qual -fno-strict-aliasing  -static -static-libgcc -L/home/wangtinghu/workspace/CORSICA_20251028_REMOVE_HTTPS_UNSAFE_CIPHERS_LIST_CSC/Corsica_adv/trunk/3rdparty/sony/avahi/opt/wa/lib conftest.c  >&5
conftest.c:85:1: warning: function declaration isn't a prototype [-Wstrict-prototypes]
conftest.c:85:6: warning: conflicting types for built-in function 'strchr'
conftest.c:94:1: warning: function declaration isn't a prototype [-Wstrict-prototypes]
conftest.c: In function 'main':
conftest.c:94:1: warning: old-style function definition [-Wold-style-definition]
configure:14559: $? = 0
configure:14559: result: yes
configure:14559: checking for strcspn
configure:14559: /home/wangtinghu/workspace/CORSICA_20251028_REMOVE_HTTPS_UNSAFE_CIPHERS_LIST_CSC/Corsica_adv/trunk/3rdparty/sony/avahi/../../../ti_tools/cgt_a8/arm-2010.09/bin/arm-none-linux-gnueabi-gcc -std=gnu99 -o conftest -I/home/wangtinghu/workspace/CORSICA_20251028_REMOVE_HTTPS_UNSAFE_CIPHERS_LIST_CSC/Corsica_adv/trunk/3rdparty/sony/avahi/opt/wa/include -Wall -W -Wextra -pedantic -pipe -Wformat -Wold-style-definition -Wdeclaration-after-statement -Wfloat-equal -Wmissing-declarations -Wmissing-prototypes -Wstrict-prototypes -Wredundant-decls -Wmissing-noreturn -Wshadow -Wendif-labels -Wpointer-arith -Wbad-function-cast -Wcast-qual -Wcast-align -Wwrite-strings -fdiagnostics-show-option -Wno-cast-qual -fno-strict-aliasing  -static -static-libgcc -L/home/wangtinghu/workspace/CORSICA_20251028_REMOVE_HTTPS_UNSAFE_CIPHERS_LIST_CSC/Corsica_adv/trunk/3rdparty/sony/avahi/opt/wa/lib conftest.c  >&5
conftest.c:86:1: warning: function declaration isn't a prototype [-Wstrict-prototypes]
conftest.c:86:6: warning: conflicting types for built-in function 'strcspn'
conftest.c:95:1: warning: function declaration isn't a prototype [-Wstrict-prototypes]
conftest.c: In function 'main':
conftest.c:95:1: warning: old-style function definition [-Wold-style-definition]
configure:14559: $? = 0
configure:14559: result: yes
configure:14559: checking for strdup
configure:14559: /home/wangtinghu/workspace/CORSICA_20251028_REMOVE_HTTPS_UNSAFE_CIPHERS_LIST_CSC/Corsica_adv/trunk/3rdparty/sony/avahi/../../../ti_tools/cgt_a8/arm-2010.09/bin/arm-none-linux-gnueabi-gcc -std=gnu99 -o conftest -I/home/wangtinghu/workspace/CORSICA_20251028_REMOVE_HTTPS_UNSAFE_CIPHERS_LIST_CSC/Corsica_adv/trunk/3rdparty/sony/avahi/opt/wa/include -Wall -W -Wextra -pedantic -pipe -Wformat -Wold-style-definition -Wdeclaration-after-statement -Wfloat-equal -Wmissing-declarations -Wmissing-prototypes -Wstrict-prototypes -Wredundant-decls -Wmissing-noreturn -Wshadow -Wendif-labels -Wpointer-arith -Wbad-function-cast -Wcast-qual -Wcast-align -Wwrite-strings -fdiagnostics-show-option -Wno-cast-qual -fno-strict-aliasing  -static -static-libgcc -L/home/wangtinghu/workspace/CORSICA_20251028_REMOVE_HTTPS_UNSAFE_CIPHERS_LIST_CSC/Corsica_adv/trunk/3rdparty/sony/avahi/opt/wa/lib conftest.c  >&5
conftest.c:87:1: warning: function declaration isn't a prototype [-Wstrict-prototypes]
conftest.c:87:6: warning: conflicting types for built-in function 'strdup'
conftest.c:96:1: warning: function declaration isn't a prototype [-Wstrict-prototypes]
conftest.c: In function 'main':
conftest.c:96:1: warning: old-style function definition [-Wold-style-definition]
configure:14559: $? = 0
configure:14559: result: yes
configure:14559: checking for strerror
configure:14559: /home/wangtinghu/workspace/CORSICA_20251028_REMOVE_HTTPS_UNSAFE_CIPHERS_LIST_CSC/Corsica_adv/trunk/3rdparty/sony/avahi/../../../ti_tools/cgt_a8/arm-2010.09/bin/arm-none-linux-gnueabi-gcc -std=gnu99 -o conftest -I/home/wangtinghu/workspace/CORSICA_20251028_REMOVE_HTTPS_UNSAFE_CIPHERS_LIST_CSC/Corsica_adv/trunk/3rdparty/sony/avahi/opt/wa/include -Wall -W -Wextra -pedantic -pipe -Wformat -Wold-style-definition -Wdeclaration-after-statement -Wfloat-equal -Wmissing-declarations -Wmissing-prototypes -Wstrict-prototypes -Wredundant-decls -Wmissing-noreturn -Wshadow -Wendif-labels -Wpointer-arith -Wbad-function-cast -Wcast-qual -Wcast-align -Wwrite-strings -fdiagnostics-show-option -Wno-cast-qual -fno-strict-aliasing  -static -static-libgcc -L/home/wangtinghu/workspace/CORSICA_20251028_REMOVE_HTTPS_UNSAFE_CIPHERS_LIST_CSC/Corsica_adv/trunk/3rdparty/sony/avahi/opt/wa/lib conftest.c  >&5
conftest.c:88:1: warning: function declaration isn't a prototype [-Wstrict-prototypes]
conftest.c:97:1: warning: function declaration isn't a prototype [-Wstrict-prototypes]
conftest.c: In function 'main':
conftest.c:97:1: warning: old-style function definition [-Wold-style-definition]
configure:14559: $? = 0
configure:14559: result: yes
configure:14559: checking for strrchr
configure:14559: /home/wangtinghu/workspace/CORSICA_20251028_REMOVE_HTTPS_UNSAFE_CIPHERS_LIST_CSC/Corsica_adv/trunk/3rdparty/sony/avahi/../../../ti_tools/cgt_a8/arm-2010.09/bin/arm-none-linux-gnueabi-gcc -std=gnu99 -o conftest -I/home/wangtinghu/workspace/CORSICA_20251028_REMOVE_HTTPS_UNSAFE_CIPHERS_LIST_CSC/Corsica_adv/trunk/3rdparty/sony/avahi/opt/wa/include -Wall -W -Wextra -pedantic -pipe -Wformat -Wold-style-definition -Wdeclaration-after-statement -Wfloat-equal -Wmissing-declarations -Wmissing-prototypes -Wstrict-prototypes -Wredundant-decls -Wmissing-noreturn -Wshadow -Wendif-labels -Wpointer-arith -Wbad-function-cast -Wcast-qual -Wcast-align -Wwrite-strings -fdiagnostics-show-option -Wno-cast-qual -fno-strict-aliasing  -static -static-libgcc -L/home/wangtinghu/workspace/CORSICA_20251028_REMOVE_HTTPS_UNSAFE_CIPHERS_LIST_CSC/Corsica_adv/trunk/3rdparty/sony/avahi/opt/wa/lib conftest.c  >&5
conftest.c:89:1: warning: function declaration isn't a prototype [-Wstrict-prototypes]
conftest.c:89:6: warning: conflicting types for built-in function 'strrchr'
conftest.c:98:1: warning: function declaration isn't a prototype [-Wstrict-prototypes]
conftest.c: In function 'main':
conftest.c:98:1: warning: old-style function definition [-Wold-style-definition]
configure:14559: $? = 0
configure:14559: result: yes
configure:14559: checking for strspn
configure:14559: /home/wangtinghu/workspace/CORSICA_20251028_REMOVE_HTTPS_UNSAFE_CIPHERS_LIST_CSC/Corsica_adv/trunk/3rdparty/sony/avahi/../../../ti_tools/cgt_a8/arm-2010.09/bin/arm-none-linux-gnueabi-gcc -std=gnu99 -o conftest -I/home/wangtinghu/workspace/CORSICA_20251028_REMOVE_HTTPS_UNSAFE_CIPHERS_LIST_CSC/Corsica_adv/trunk/3rdparty/sony/avahi/opt/wa/include -Wall -W -Wextra -pedantic -pipe -Wformat -Wold-style-definition -Wdeclaration-after-statement -Wfloat-equal -Wmissing-declarations -Wmissing-prototypes -Wstrict-prototypes -Wredundant-decls -Wmissing-noreturn -Wshadow -Wendif-labels -Wpointer-arith -Wbad-function-cast -Wcast-qual -Wcast-align -Wwrite-strings -fdiagnostics-show-option -Wno-cast-qual -fno-strict-aliasing  -static -static-libgcc -L/home/wangtinghu/workspace/CORSICA_20251028_REMOVE_HTTPS_UNSAFE_CIPHERS_LIST_CSC/Corsica_adv/trunk/3rdparty/sony/avahi/opt/wa/lib conftest.c  >&5
conftest.c:90:1: warning: function declaration isn't a prototype [-Wstrict-prototypes]
conftest.c:90:6: warning: conflicting types for built-in function 'strspn'
conftest.c:99:1: warning: function declaration isn't a prototype [-Wstrict-prototypes]
conftest.c: In function 'main':
conftest.c:99:1: warning: old-style function definition [-Wold-style-definition]
configure:14559: $? = 0
configure:14559: result: yes
configure:14559: checking for strstr
configure:14559: /home/wangtinghu/workspace/CORSICA_20251028_REMOVE_HTTPS_UNSAFE_CIPHERS_LIST_CSC/Corsica_adv/trunk/3rdparty/sony/avahi/../../../ti_tools/cgt_a8/arm-2010.09/bin/arm-none-linux-gnueabi-gcc -std=gnu99 -o conftest -I/home/wangtinghu/workspace/CORSICA_20251028_REMOVE_HTTPS_UNSAFE_CIPHERS_LIST_CSC/Corsica_adv/trunk/3rdparty/sony/avahi/opt/wa/include -Wall -W -Wextra -pedantic -pipe -Wformat -Wold-style-definition -Wdeclaration-after-statement -Wfloat-equal -Wmissing-declarations -Wmissing-prototypes -Wstrict-prototypes -Wredundant-decls -Wmissing-noreturn -Wshadow -Wendif-labels -Wpointer-arith -Wbad-function-cast -Wcast-qual -Wcast-align -Wwrite-strings -fdiagnostics-show-option -Wno-cast-qual -fno-strict-aliasing  -static -static-libgcc -L/home/wangtinghu/workspace/CORSICA_20251028_REMOVE_HTTPS_UNSAFE_CIPHERS_LIST_CSC/Corsica_adv/trunk/3rdparty/sony/avahi/opt/wa/lib conftest.c  >&5
conftest.c:91:1: warning: function declaration isn't a prototype [-Wstrict-prototypes]
conftest.c:91:6: warning: conflicting types for built-in function 'strstr'
conftest.c:100:1: warning: function declaration isn't a prototype [-Wstrict-prototypes]
conftest.c: In function 'main':
conftest.c:100:1: warning: old-style function definition [-Wold-style-definition]
configure:14559: $? = 0
configure:14559: result: yes
configure:14559: checking for uname
configure:14559: /home/wangtinghu/workspace/CORSICA_20251028_REMOVE_HTTPS_UNSAFE_CIPHERS_LIST_CSC/Corsica_adv/trunk/3rdparty/sony/avahi/../../../ti_tools/cgt_a8/arm-2010.09/bin/arm-none-linux-gnueabi-gcc -std=gnu99 -o conftest -I/home/wangtinghu/workspace/CORSICA_20251028_REMOVE_HTTPS_UNSAFE_CIPHERS_LIST_CSC/Corsica_adv/trunk/3rdparty/sony/avahi/opt/wa/include -Wall -W -Wextra -pedantic -pipe -Wformat -Wold-style-definition -Wdeclaration-after-statement -Wfloat-equal -Wmissing-declarations -Wmissing-prototypes -Wstrict-prototypes -Wredundant-decls -Wmissing-noreturn -Wshadow -Wendif-labels -Wpointer-arith -Wbad-function-cast -Wcast-qual -Wcast-align -Wwrite-strings -fdiagnostics-show-option -Wno-cast-qual -fno-strict-aliasing  -static -static-libgcc -L/home/wangtinghu/workspace/CORSICA_20251028_REMOVE_HTTPS_UNSAFE_CIPHERS_LIST_CSC/Corsica_adv/trunk/3rdparty/sony/avahi/opt/wa/lib conftest.c  >&5
conftest.c:92:1: warning: function declaration isn't a prototype [-Wstrict-prototypes]
conftest.c:101:1: warning: function declaration isn't a prototype [-Wstrict-prototypes]
conftest.c: In function 'main':
conftest.c:101:1: warning: old-style function definition [-Wold-style-definition]
configure:14559: $? = 0
configure:14559: result: yes
configure:14559: checking for setresuid
configure:14559: /home/wangtinghu/workspace/CORSICA_20251028_REMOVE_HTTPS_UNSAFE_CIPHERS_LIST_CSC/Corsica_adv/trunk/3rdparty/sony/avahi/../../../ti_tools/cgt_a8/arm-2010.09/bin/arm-none-linux-gnueabi-gcc -std=gnu99 -o conftest -I/home/wangtinghu/workspace/CORSICA_20251028_REMOVE_HTTPS_UNSAFE_CIPHERS_LIST_CSC/Corsica_adv/trunk/3rdparty/sony/avahi/opt/wa/include -Wall -W -Wextra -pedantic -pipe -Wformat -Wold-style-definition -Wdeclaration-after-statement -Wfloat-equal -Wmissing-declarations -Wmissing-prototypes -Wstrict-prototypes -Wredundant-decls -Wmissing-noreturn -Wshadow -Wendif-labels -Wpointer-arith -Wbad-function-cast -Wcast-qual -Wcast-align -Wwrite-strings -fdiagnostics-show-option -Wno-cast-qual -fno-strict-aliasing  -static -static-libgcc -L/home/wangtinghu/workspace/CORSICA_20251028_REMOVE_HTTPS_UNSAFE_CIPHERS_LIST_CSC/Corsica_adv/trunk/3rdparty/sony/avahi/opt/wa/lib conftest.c  >&5
conftest.c:93:1: warning: function declaration isn't a prototype [-Wstrict-prototypes]
conftest.c:102:1: warning: function declaration isn't a prototype [-Wstrict-prototypes]
conftest.c: In function 'main':
conftest.c:102:1: warning: old-style function definition [-Wold-style-definition]
configure:14559: $? = 0
configure:14559: result: yes
configure:14559: checking for setreuid
configure:14559: /home/wangtinghu/workspace/CORSICA_20251028_REMOVE_HTTPS_UNSAFE_CIPHERS_LIST_CSC/Corsica_adv/trunk/3rdparty/sony/avahi/../../../ti_tools/cgt_a8/arm-2010.09/bin/arm-none-linux-gnueabi-gcc -std=gnu99 -o conftest -I/home/wangtinghu/workspace/CORSICA_20251028_REMOVE_HTTPS_UNSAFE_CIPHERS_LIST_CSC/Corsica_adv/trunk/3rdparty/sony/avahi/opt/wa/include -Wall -W -Wextra -pedantic -pipe -Wformat -Wold-style-definition -Wdeclaration-after-statement -Wfloat-equal -Wmissing-declarations -Wmissing-prototypes -Wstrict-prototypes -Wredundant-decls -Wmissing-noreturn -Wshadow -Wendif-labels -Wpointer-arith -Wbad-function-cast -Wcast-qual -Wcast-align -Wwrite-strings -fdiagnostics-show-option -Wno-cast-qual -fno-strict-aliasing  -static -static-libgcc -L/home/wangtinghu/workspace/CORSICA_20251028_REMOVE_HTTPS_UNSAFE_CIPHERS_LIST_CSC/Corsica_adv/trunk/3rdparty/sony/avahi/opt/wa/lib conftest.c  >&5
conftest.c:94:1: warning: function declaration isn't a prototype [-Wstrict-prototypes]
conftest.c:103:1: warning: function declaration isn't a prototype [-Wstrict-prototypes]
conftest.c: In function 'main':
conftest.c:103:1: warning: old-style function definition [-Wold-style-definition]
configure:14559: $? = 0
configure:14559: result: yes
configure:14559: checking for setresgid
configure:14559: /home/wangtinghu/workspace/CORSICA_20251028_REMOVE_HTTPS_UNSAFE_CIPHERS_LIST_CSC/Corsica_adv/trunk/3rdparty/sony/avahi/../../../ti_tools/cgt_a8/arm-2010.09/bin/arm-none-linux-gnueabi-gcc -std=gnu99 -o conftest -I/home/wangtinghu/workspace/CORSICA_20251028_REMOVE_HTTPS_UNSAFE_CIPHERS_LIST_CSC/Corsica_adv/trunk/3rdparty/sony/avahi/opt/wa/include -Wall -W -Wextra -pedantic -pipe -Wformat -Wold-style-definition -Wdeclaration-after-statement -Wfloat-equal -Wmissing-declarations -Wmissing-prototypes -Wstrict-prototypes -Wredundant-decls -Wmissing-noreturn -Wshadow -Wendif-labels -Wpointer-arith -Wbad-function-cast -Wcast-qual -Wcast-align -Wwrite-strings -fdiagnostics-show-option -Wno-cast-qual -fno-strict-aliasing  -static -static-libgcc -L/home/wangtinghu/workspace/CORSICA_20251028_REMOVE_HTTPS_UNSAFE_CIPHERS_LIST_CSC/Corsica_adv/trunk/3rdparty/sony/avahi/opt/wa/lib conftest.c  >&5
conftest.c:95:1: warning: function declaration isn't a prototype [-Wstrict-prototypes]
conftest.c:104:1: warning: function declaration isn't a prototype [-Wstrict-prototypes]
conftest.c: In function 'main':
conftest.c:104:1: warning: old-style function definition [-Wold-style-definition]
configure:14559: $? = 0
configure:14559: result: yes
configure:14559: checking for setregid
configure:14559: /home/wangtinghu/workspace/CORSICA_20251028_REMOVE_HTTPS_UNSAFE_CIPHERS_LIST_CSC/Corsica_adv/trunk/3rdparty/sony/avahi/../../../ti_tools/cgt_a8/arm-2010.09/bin/arm-none-linux-gnueabi-gcc -std=gnu99 -o conftest -I/home/wangtinghu/workspace/CORSICA_20251028_REMOVE_HTTPS_UNSAFE_CIPHERS_LIST_CSC/Corsica_adv/trunk/3rdparty/sony/avahi/opt/wa/include -Wall -W -Wextra -pedantic -pipe -Wformat -Wold-style-definition -Wdeclaration-after-statement -Wfloat-equal -Wmissing-declarations -Wmissing-prototypes -Wstrict-prototypes -Wredundant-decls -Wmissing-noreturn -Wshadow -Wendif-labels -Wpointer-arith -Wbad-function-cast -Wcast-qual -Wcast-align -Wwrite-strings -fdiagnostics-show-option -Wno-cast-qual -fno-strict-aliasing  -static -static-libgcc -L/home/wangtinghu/workspace/CORSICA_20251028_REMOVE_HTTPS_UNSAFE_CIPHERS_LIST_CSC/Corsica_adv/trunk/3rdparty/sony/avahi/opt/wa/lib conftest.c  >&5
conftest.c:96:1: warning: function declaration isn't a prototype [-Wstrict-prototypes]
conftest.c:105:1: warning: function declaration isn't a prototype [-Wstrict-prototypes]
conftest.c: In function 'main':
conftest.c:105:1: warning: old-style function definition [-Wold-style-definition]
configure:14559: $? = 0
configure:14559: result: yes
configure:14559: checking for strcasecmp
configure:14559: /home/wangtinghu/workspace/CORSICA_20251028_REMOVE_HTTPS_UNSAFE_CIPHERS_LIST_CSC/Corsica_adv/trunk/3rdparty/sony/avahi/../../../ti_tools/cgt_a8/arm-2010.09/bin/arm-none-linux-gnueabi-gcc -std=gnu99 -o conftest -I/home/wangtinghu/workspace/CORSICA_20251028_REMOVE_HTTPS_UNSAFE_CIPHERS_LIST_CSC/Corsica_adv/trunk/3rdparty/sony/avahi/opt/wa/include -Wall -W -Wextra -pedantic -pipe -Wformat -Wold-style-definition -Wdeclaration-after-statement -Wfloat-equal -Wmissing-declarations -Wmissing-prototypes -Wstrict-prototypes -Wredundant-decls -Wmissing-noreturn -Wshadow -Wendif-labels -Wpointer-arith -Wbad-function-cast -Wcast-qual -Wcast-align -Wwrite-strings -fdiagnostics-show-option -Wno-cast-qual -fno-strict-aliasing  -static -static-libgcc -L/home/wangtinghu/workspace/CORSICA_20251028_REMOVE_HTTPS_UNSAFE_CIPHERS_LIST_CSC/Corsica_adv/trunk/3rdparty/sony/avahi/opt/wa/lib conftest.c  >&5
conftest.c:97:1: warning: function declaration isn't a prototype [-Wstrict-prototypes]
conftest.c:97:6: warning: conflicting types for built-in function 'strcasecmp'
conftest.c:106:1: warning: function declaration isn't a prototype [-Wstrict-prototypes]
conftest.c: In function 'main':
conftest.c:106:1: warning: old-style function definition [-Wold-style-definition]
configure:14559: $? = 0
configure:14559: result: yes
configure:14559: checking for gettimeofday
configure:14559: /home/wangtinghu/workspace/CORSICA_20251028_REMOVE_HTTPS_UNSAFE_CIPHERS_LIST_CSC/Corsica_adv/trunk/3rdparty/sony/avahi/../../../ti_tools/cgt_a8/arm-2010.09/bin/arm-none-linux-gnueabi-gcc -std=gnu99 -o conftest -I/home/wangtinghu/workspace/CORSICA_20251028_REMOVE_HTTPS_UNSAFE_CIPHERS_LIST_CSC/Corsica_adv/trunk/3rdparty/sony/avahi/opt/wa/include -Wall -W -Wextra -pedantic -pipe -Wformat -Wold-style-definition -Wdeclaration-after-statement -Wfloat-equal -Wmissing-declarations -Wmissing-prototypes -Wstrict-prototypes -Wredundant-decls -Wmissing-noreturn -Wshadow -Wendif-labels -Wpointer-arith -Wbad-function-cast -Wcast-qual -Wcast-align -Wwrite-strings -fdiagnostics-show-option -Wno-cast-qual -fno-strict-aliasing  -static -static-libgcc -L/home/wangtinghu/workspace/CORSICA_20251028_REMOVE_HTTPS_UNSAFE_CIPHERS_LIST_CSC/Corsica_adv/trunk/3rdparty/sony/avahi/opt/wa/lib conftest.c  >&5
conftest.c:98:1: warning: function declaration isn't a prototype [-Wstrict-prototypes]
conftest.c:107:1: warning: function declaration isn't a prototype [-Wstrict-prototypes]
conftest.c: In function 'main':
conftest.c:107:1: warning: old-style function definition [-Wold-style-definition]
configure:14559: $? = 0
configure:14559: result: yes
configure:14559: checking for putenv
configure:14559: /home/wangtinghu/workspace/CORSICA_20251028_REMOVE_HTTPS_UNSAFE_CIPHERS_LIST_CSC/Corsica_adv/trunk/3rdparty/sony/avahi/../../../ti_tools/cgt_a8/arm-2010.09/bin/arm-none-linux-gnueabi-gcc -std=gnu99 -o conftest -I/home/wangtinghu/workspace/CORSICA_20251028_REMOVE_HTTPS_UNSAFE_CIPHERS_LIST_CSC/Corsica_adv/trunk/3rdparty/sony/avahi/opt/wa/include -Wall -W -Wextra -pedantic -pipe -Wformat -Wold-style-definition -Wdeclaration-after-statement -Wfloat-equal -Wmissing-declarations -Wmissing-prototypes -Wstrict-prototypes -Wredundant-decls -Wmissing-noreturn -Wshadow -Wendif-labels -Wpointer-arith -Wbad-function-cast -Wcast-qual -Wcast-align -Wwrite-strings -fdiagnostics-show-option -Wno-cast-qual -fno-strict-aliasing  -static -static-libgcc -L/home/wangtinghu/workspace/CORSICA_20251028_REMOVE_HTTPS_UNSAFE_CIPHERS_LIST_CSC/Corsica_adv/trunk/3rdparty/sony/avahi/opt/wa/lib conftest.c  >&5
conftest.c:99:1: warning: function declaration isn't a prototype [-Wstrict-prototypes]
conftest.c:108:1: warning: function declaration isn't a prototype [-Wstrict-prototypes]
conftest.c: In function 'main':
conftest.c:108:1: warning: old-style function definition [-Wold-style-definition]
configure:14559: $? = 0
configure:14559: result: yes
configure:14559: checking for strncasecmp
configure:14559: /home/wangtinghu/workspace/CORSICA_20251028_REMOVE_HTTPS_UNSAFE_CIPHERS_LIST_CSC/Corsica_adv/trunk/3rdparty/sony/avahi/../../../ti_tools/cgt_a8/arm-2010.09/bin/arm-none-linux-gnueabi-gcc -std=gnu99 -o conftest -I/home/wangtinghu/workspace/CORSICA_20251028_REMOVE_HTTPS_UNSAFE_CIPHERS_LIST_CSC/Corsica_adv/trunk/3rdparty/sony/avahi/opt/wa/include -Wall -W -Wextra -pedantic -pipe -Wformat -Wold-style-definition -Wdeclaration-after-statement -Wfloat-equal -Wmissing-declarations -Wmissing-prototypes -Wstrict-prototypes -Wredundant-decls -Wmissing-noreturn -Wshadow -Wendif-labels -Wpointer-arith -Wbad-function-cast -Wcast-qual -Wcast-align -Wwrite-strings -fdiagnostics-show-option -Wno-cast-qual -fno-strict-aliasing  -static -static-libgcc -L/home/wangtinghu/workspace/CORSICA_20251028_REMOVE_HTTPS_UNSAFE_CIPHERS_LIST_CSC/Corsica_adv/trunk/3rdparty/sony/avahi/opt/wa/lib conftest.c  >&5
conftest.c:100:1: warning: function declaration isn't a prototype [-Wstrict-prototypes]
conftest.c:100:6: warning: conflicting types for built-in function 'strncasecmp'
conftest.c:109:1: warning: function declaration isn't a prototype [-Wstrict-prototypes]
conftest.c: In function 'main':
conftest.c:109:1: warning: old-style function definition [-Wold-style-definition]
configure:14559: $? = 0
configure:14559: result: yes
configure:14559: checking for strlcpy
configure:14559: /home/wangtinghu/workspace/CORSICA_20251028_REMOVE_HTTPS_UNSAFE_CIPHERS_LIST_CSC/Corsica_adv/trunk/3rdparty/sony/avahi/../../../ti_tools/cgt_a8/arm-2010.09/bin/arm-none-linux-gnueabi-gcc -std=gnu99 -o conftest -I/home/wangtinghu/workspace/CORSICA_20251028_REMOVE_HTTPS_UNSAFE_CIPHERS_LIST_CSC/Corsica_adv/trunk/3rdparty/sony/avahi/opt/wa/include -Wall -W -Wextra -pedantic -pipe -Wformat -Wold-style-definition -Wdeclaration-after-statement -Wfloat-equal -Wmissing-declarations -Wmissing-prototypes -Wstrict-prototypes -Wredundant-decls -Wmissing-noreturn -Wshadow -Wendif-labels -Wpointer-arith -Wbad-function-cast -Wcast-qual -Wcast-align -Wwrite-strings -fdiagnostics-show-option -Wno-cast-qual -fno-strict-aliasing  -static -static-libgcc -L/home/wangtinghu/workspace/CORSICA_20251028_REMOVE_HTTPS_UNSAFE_CIPHERS_LIST_CSC/Corsica_adv/trunk/3rdparty/sony/avahi/opt/wa/lib conftest.c  >&5
conftest.c:101:1: warning: function declaration isn't a prototype [-Wstrict-prototypes]
conftest.c:110:1: warning: function declaration isn't a prototype [-Wstrict-prototypes]
conftest.c: In function 'main':
conftest.c:110:1: warning: old-style function definition [-Wold-style-definition]
/tmp/ccevuD6h.o: In function `main':
conftest.c:(.text+0x8): undefined reference to `strlcpy'
collect2: ld returned 1 exit status
configure:14559: $? = 1
configure: failed program was:
| /* confdefs.h */
| #define PACKAGE_NAME "avahi"
| #define PACKAGE_TARNAME "avahi"
| #define PACKAGE_VERSION "0.8"
| #define PACKAGE_STRING "avahi 0.8"
| #define PACKAGE_BUGREPORT "avahi (at) lists (dot) freedesktop (dot) org"
| #define PACKAGE_URL ""
| #define PACKAGE "avahi"
| #define VERSION "0.8"
| #define STDC_HEADERS 1
| #define HAVE_SYS_TYPES_H 1
| #define HAVE_SYS_STAT_H 1
| #define HAVE_STDLIB_H 1
| #define HAVE_STRING_H 1
| #define HAVE_MEMORY_H 1
| #define HAVE_STRINGS_H 1
| #define HAVE_INTTYPES_H 1
| #define HAVE_STDINT_H 1
| #define HAVE_UNISTD_H 1
| #define __EXTENSIONS__ 1
| #define _ALL_SOURCE 1
| #define _GNU_SOURCE 1
| #define _POSIX_PTHREAD_SEMANTICS 1
| #define _TANDEM_SOURCE 1
| #define HAVE_DLFCN_H 1
| #define LT_OBJDIR ".libs/"
| #define HAVE_PTHREAD 1
| #define HAVE_NETLINK /**/
| #define HAVE_SYS_SYSCTL_H /**/
| #define HAVE_STRUCT_IP_MREQN /**/
| #define STDC_HEADERS 1
| #define HAVE_ARPA_INET_H 1
| #define HAVE_FCNTL_H 1
| #define HAVE_INTTYPES_H 1
| #define HAVE_LIMITS_H 1
| #define HAVE_NETINET_IN_H 1
| #define HAVE_STDLIB_H 1
| #define HAVE_STRING_H 1
| #define HAVE_SYS_IOCTL_H 1
| #define HAVE_SYS_SOCKET_H 1
| #define HAVE_SYS_TIME_H 1
| #define HAVE_UNISTD_H 1
| #define HAVE_NETDB_H 1
| #define HAVE_SYSLOG_H 1
| #define HAVE__BOOL 1
| #define HAVE_STDBOOL_H 1
| #define TIME_WITH_SYS_TIME 1
| #define HAVE_SYS_WAIT_H 1
| #define HAVE_SYS_SELECT_H 1
| #define HAVE_SYS_SOCKET_H 1
| #define SELECT_TYPE_ARG1 int
| #define SELECT_TYPE_ARG234 (fd_set *)
| #define SELECT_TYPE_ARG5 (struct timeval *)
| #define HAVE_GETHOSTNAME 1
| #define HAVE_MEMCHR 1
| #define HAVE_MEMMOVE 1
| #define HAVE_MEMSET 1
| #define HAVE_MKDIR 1
| #define HAVE_SELECT 1
| #define HAVE_SOCKET 1
| #define HAVE_STRCHR 1
| #define HAVE_STRCSPN 1
| #define HAVE_STRDUP 1
| #define HAVE_STRERROR 1
| #define HAVE_STRRCHR 1
| #define HAVE_STRSPN 1
| #define HAVE_STRSTR 1
| #define HAVE_UNAME 1
| #define HAVE_SETRESUID 1
| #define HAVE_SETREUID 1
| #define HAVE_SETRESGID 1
| #define HAVE_SETREGID 1
| #define HAVE_STRCASECMP 1
| #define HAVE_GETTIMEOFDAY 1
| #define HAVE_PUTENV 1
| #define HAVE_STRNCASECMP 1
| /* end confdefs.h.  */
| /* Define strlcpy to an innocuous variant, in case <limits.h> declares strlcpy.
|    For example, HP-UX 11i <limits.h> declares gettimeofday.  */
| #define strlcpy innocuous_strlcpy
| 
| /* System header to define __stub macros and hopefully few prototypes,
|     which can conflict with char strlcpy (); below.
|     Prefer <limits.h> to <assert.h> if __STDC__ is defined, since
|     <limits.h> exists even on freestanding compilers.  */
| 
| #ifdef __STDC__
| # include <limits.h>
| #else
| # include <assert.h>
| #endif
| 
| #undef strlcpy
| 
| /* Override any GCC internal prototype to avoid an error.
|    Use char because int might match the return type of a GCC
|    builtin and then its argument prototype would still apply.  */
| #ifdef __cplusplus
| extern "C"
| #endif
| char strlcpy ();
| /* The GNU C library defines this for functions which it implements
|     to always fail with ENOSYS.  Some functions are actually named
|     something starting with __ and the normal name is an alias.  */
| #if defined __stub_strlcpy || defined __stub___strlcpy
| choke me
| #endif
| 
| int
| main ()
| {
| return strlcpy ();
|   ;
|   return 0;
| }
configure:14559: result: no
configure:14559: checking for gethostbyname
configure:14559: /home/wangtinghu/workspace/CORSICA_20251028_REMOVE_HTTPS_UNSAFE_CIPHERS_LIST_CSC/Corsica_adv/trunk/3rdparty/sony/avahi/../../../ti_tools/cgt_a8/arm-2010.09/bin/arm-none-linux-gnueabi-gcc -std=gnu99 -o conftest -I/home/wangtinghu/workspace/CORSICA_20251028_REMOVE_HTTPS_UNSAFE_CIPHERS_LIST_CSC/Corsica_adv/trunk/3rdparty/sony/avahi/opt/wa/include -Wall -W -Wextra -pedantic -pipe -Wformat -Wold-style-definition -Wdeclaration-after-statement -Wfloat-equal -Wmissing-declarations -Wmissing-prototypes -Wstrict-prototypes -Wredundant-decls -Wmissing-noreturn -Wshadow -Wendif-labels -Wpointer-arith -Wbad-function-cast -Wcast-qual -Wcast-align -Wwrite-strings -fdiagnostics-show-option -Wno-cast-qual -fno-strict-aliasing  -static -static-libgcc -L/home/wangtinghu/workspace/CORSICA_20251028_REMOVE_HTTPS_UNSAFE_CIPHERS_LIST_CSC/Corsica_adv/trunk/3rdparty/sony/avahi/opt/wa/lib conftest.c  >&5
conftest.c:101:1: warning: function declaration isn't a prototype [-Wstrict-prototypes]
conftest.c:110:1: warning: function declaration isn't a prototype [-Wstrict-prototypes]
conftest.c: In function 'main':
conftest.c:110:1: warning: old-style function definition [-Wold-style-definition]
/tmp/ccOy7zDs.o: In function `main':
conftest.c:(.text+0x8): warning: Using 'gethostbyname' in statically linked applications requires at runtime the shared libraries from the glibc version used for linking
configure:14559: $? = 0
configure:14559: result: yes
configure:14559: checking for seteuid
configure:14559: /home/wangtinghu/workspace/CORSICA_20251028_REMOVE_HTTPS_UNSAFE_CIPHERS_LIST_CSC/Corsica_adv/trunk/3rdparty/sony/avahi/../../../ti_tools/cgt_a8/arm-2010.09/bin/arm-none-linux-gnueabi-gcc -std=gnu99 -o conftest -I/home/wangtinghu/workspace/CORSICA_20251028_REMOVE_HTTPS_UNSAFE_CIPHERS_LIST_CSC/Corsica_adv/trunk/3rdparty/sony/avahi/opt/wa/include -Wall -W -Wextra -pedantic -pipe -Wformat -Wold-style-definition -Wdeclaration-after-statement -Wfloat-equal -Wmissing-declarations -Wmissing-prototypes -Wstrict-prototypes -Wredundant-decls -Wmissing-noreturn -Wshadow -Wendif-labels -Wpointer-arith -Wbad-function-cast -Wcast-qual -Wcast-align -Wwrite-strings -fdiagnostics-show-option -Wno-cast-qual -fno-strict-aliasing  -static -static-libgcc -L/home/wangtinghu/workspace/CORSICA_20251028_REMOVE_HTTPS_UNSAFE_CIPHERS_LIST_CSC/Corsica_adv/trunk/3rdparty/sony/avahi/opt/wa/lib conftest.c  >&5
conftest.c:102:1: warning: function declaration isn't a prototype [-Wstrict-prototypes]
conftest.c:111:1: warning: function declaration isn't a prototype [-Wstrict-prototypes]
conftest.c: In function 'main':
conftest.c:111:1: warning: old-style function definition [-Wold-style-definition]
configure:14559: $? = 0
configure:14559: result: yes
configure:14559: checking for setegid
configure:14559: /home/wangtinghu/workspace/CORSICA_20251028_REMOVE_HTTPS_UNSAFE_CIPHERS_LIST_CSC/Corsica_adv/trunk/3rdparty/sony/avahi/../../../ti_tools/cgt_a8/arm-2010.09/bin/arm-none-linux-gnueabi-gcc -std=gnu99 -o conftest -I/home/wangtinghu/workspace/CORSICA_20251028_REMOVE_HTTPS_UNSAFE_CIPHERS_LIST_CSC/Corsica_adv/trunk/3rdparty/sony/avahi/opt/wa/include -Wall -W -Wextra -pedantic -pipe -Wformat -Wold-style-definition -Wdeclaration-after-statement -Wfloat-equal -Wmissing-declarations -Wmissing-prototypes -Wstrict-prototypes -Wredundant-decls -Wmissing-noreturn -Wshadow -Wendif-labels -Wpointer-arith -Wbad-function-cast -Wcast-qual -Wcast-align -Wwrite-strings -fdiagnostics-show-option -Wno-cast-qual -fno-strict-aliasing  -static -static-libgcc -L/home/wangtinghu/workspace/CORSICA_20251028_REMOVE_HTTPS_UNSAFE_CIPHERS_LIST_CSC/Corsica_adv/trunk/3rdparty/sony/avahi/opt/wa/lib conftest.c  >&5
conftest.c:103:1: warning: function declaration isn't a prototype [-Wstrict-prototypes]
conftest.c:112:1: warning: function declaration isn't a prototype [-Wstrict-prototypes]
conftest.c: In function 'main':
conftest.c:112:1: warning: old-style function definition [-Wold-style-definition]
configure:14559: $? = 0
configure:14559: result: yes
configure:14559: checking for setproctitle
configure:14559: /home/wangtinghu/workspace/CORSICA_20251028_REMOVE_HTTPS_UNSAFE_CIPHERS_LIST_CSC/Corsica_adv/trunk/3rdparty/sony/avahi/../../../ti_tools/cgt_a8/arm-2010.09/bin/arm-none-linux-gnueabi-gcc -std=gnu99 -o conftest -I/home/wangtinghu/workspace/CORSICA_20251028_REMOVE_HTTPS_UNSAFE_CIPHERS_LIST_CSC/Corsica_adv/trunk/3rdparty/sony/avahi/opt/wa/include -Wall -W -Wextra -pedantic -pipe -Wformat -Wold-style-definition -Wdeclaration-after-statement -Wfloat-equal -Wmissing-declarations -Wmissing-prototypes -Wstrict-prototypes -Wredundant-decls -Wmissing-noreturn -Wshadow -Wendif-labels -Wpointer-arith -Wbad-function-cast -Wcast-qual -Wcast-align -Wwrite-strings -fdiagnostics-show-option -Wno-cast-qual -fno-strict-aliasing  -static -static-libgcc -L/home/wangtinghu/workspace/CORSICA_20251028_REMOVE_HTTPS_UNSAFE_CIPHERS_LIST_CSC/Corsica_adv/trunk/3rdparty/sony/avahi/opt/wa/lib conftest.c  >&5
conftest.c:104:1: warning: function declaration isn't a prototype [-Wstrict-prototypes]
conftest.c:113:1: warning: function declaration isn't a prototype [-Wstrict-prototypes]
conftest.c: In function 'main':
conftest.c:113:1: warning: old-style function definition [-Wold-style-definition]
/tmp/ccWNPbXR.o: In function `main':
conftest.c:(.text+0x8): undefined reference to `setproctitle'
collect2: ld returned 1 exit status
configure:14559: $? = 1
configure: failed program was:
| /* confdefs.h */
| #define PACKAGE_NAME "avahi"
| #define PACKAGE_TARNAME "avahi"
| #define PACKAGE_VERSION "0.8"
| #define PACKAGE_STRING "avahi 0.8"
| #define PACKAGE_BUGREPORT "avahi (at) lists (dot) freedesktop (dot) org"
| #define PACKAGE_URL ""
| #define PACKAGE "avahi"
| #define VERSION "0.8"
| #define STDC_HEADERS 1
| #define HAVE_SYS_TYPES_H 1
| #define HAVE_SYS_STAT_H 1
| #define HAVE_STDLIB_H 1
| #define HAVE_STRING_H 1
| #define HAVE_MEMORY_H 1
| #define HAVE_STRINGS_H 1
| #define HAVE_INTTYPES_H 1
| #define HAVE_STDINT_H 1
| #define HAVE_UNISTD_H 1
| #define __EXTENSIONS__ 1
| #define _ALL_SOURCE 1
| #define _GNU_SOURCE 1
| #define _POSIX_PTHREAD_SEMANTICS 1
| #define _TANDEM_SOURCE 1
| #define HAVE_DLFCN_H 1
| #define LT_OBJDIR ".libs/"
| #define HAVE_PTHREAD 1
| #define HAVE_NETLINK /**/
| #define HAVE_SYS_SYSCTL_H /**/
| #define HAVE_STRUCT_IP_MREQN /**/
| #define STDC_HEADERS 1
| #define HAVE_ARPA_INET_H 1
| #define HAVE_FCNTL_H 1
| #define HAVE_INTTYPES_H 1
| #define HAVE_LIMITS_H 1
| #define HAVE_NETINET_IN_H 1
| #define HAVE_STDLIB_H 1
| #define HAVE_STRING_H 1
| #define HAVE_SYS_IOCTL_H 1
| #define HAVE_SYS_SOCKET_H 1
| #define HAVE_SYS_TIME_H 1
| #define HAVE_UNISTD_H 1
| #define HAVE_NETDB_H 1
| #define HAVE_SYSLOG_H 1
| #define HAVE__BOOL 1
| #define HAVE_STDBOOL_H 1
| #define TIME_WITH_SYS_TIME 1
| #define HAVE_SYS_WAIT_H 1
| #define HAVE_SYS_SELECT_H 1
| #define HAVE_SYS_SOCKET_H 1
| #define SELECT_TYPE_ARG1 int
| #define SELECT_TYPE_ARG234 (fd_set *)
| #define SELECT_TYPE_ARG5 (struct timeval *)
| #define HAVE_GETHOSTNAME 1
| #define HAVE_MEMCHR 1
| #define HAVE_MEMMOVE 1
| #define HAVE_MEMSET 1
| #define HAVE_MKDIR 1
| #define HAVE_SELECT 1
| #define HAVE_SOCKET 1
| #define HAVE_STRCHR 1
| #define HAVE_STRCSPN 1
| #define HAVE_STRDUP 1
| #define HAVE_STRERROR 1
| #define HAVE_STRRCHR 1
| #define HAVE_STRSPN 1
| #define HAVE_STRSTR 1
| #define HAVE_UNAME 1
| #define HAVE_SETRESUID 1
| #define HAVE_SETREUID 1
| #define HAVE_SETRESGID 1
| #define HAVE_SETREGID 1
| #define HAVE_STRCASECMP 1
| #define HAVE_GETTIMEOFDAY 1
| #define HAVE_PUTENV 1
| #define HAVE_STRNCASECMP 1
| #define HAVE_GETHOSTBYNAME 1
| #define HAVE_SETEUID 1
| #define HAVE_SETEGID 1
| /* end confdefs.h.  */
| /* Define setproctitle to an innocuous variant, in case <limits.h> declares setproctitle.
|    For example, HP-UX 11i <limits.h> declares gettimeofday.  */
| #define setproctitle innocuous_setproctitle
| 
| /* System header to define __stub macros and hopefully few prototypes,
|     which can conflict with char setproctitle (); below.
|     Prefer <limits.h> to <assert.h> if __STDC__ is defined, since
|     <limits.h> exists even on freestanding compilers.  */
| 
| #ifdef __STDC__
| # include <limits.h>
| #else
| # include <assert.h>
| #endif
| 
| #undef setproctitle
| 
| /* Override any GCC internal prototype to avoid an error.
|    Use char because int might match the return type of a GCC
|    builtin and then its argument prototype would still apply.  */
| #ifdef __cplusplus
| extern "C"
| #endif
| char setproctitle ();
| /* The GNU C library defines this for functions which it implements
|     to always fail with ENOSYS.  Some functions are actually named
|     something starting with __ and the normal name is an alias.  */
| #if defined __stub_setproctitle || defined __stub___setproctitle
| choke me
| #endif
| 
| int
| main ()
| {
| return setproctitle ();
|   ;
|   return 0;
| }
configure:14559: result: no
configure:14559: checking for getprogname
configure:14559: /home/wangtinghu/workspace/CORSICA_20251028_REMOVE_HTTPS_UNSAFE_CIPHERS_LIST_CSC/Corsica_adv/trunk/3rdparty/sony/avahi/../../../ti_tools/cgt_a8/arm-2010.09/bin/arm-none-linux-gnueabi-gcc -std=gnu99 -o conftest -I/home/wangtinghu/workspace/CORSICA_20251028_REMOVE_HTTPS_UNSAFE_CIPHERS_LIST_CSC/Corsica_adv/trunk/3rdparty/sony/avahi/opt/wa/include -Wall -W -Wextra -pedantic -pipe -Wformat -Wold-style-definition -Wdeclaration-after-statement -Wfloat-equal -Wmissing-declarations -Wmissing-prototypes -Wstrict-prototypes -Wredundant-decls -Wmissing-noreturn -Wshadow -Wendif-labels -Wpointer-arith -Wbad-function-cast -Wcast-qual -Wcast-align -Wwrite-strings -fdiagnostics-show-option -Wno-cast-qual -fno-strict-aliasing  -static -static-libgcc -L/home/wangtinghu/workspace/CORSICA_20251028_REMOVE_HTTPS_UNSAFE_CIPHERS_LIST_CSC/Corsica_adv/trunk/3rdparty/sony/avahi/opt/wa/lib conftest.c  >&5
conftest.c:104:1: warning: function declaration isn't a prototype [-Wstrict-prototypes]
conftest.c:113:1: warning: function declaration isn't a prototype [-Wstrict-prototypes]
conftest.c: In function 'main':
conftest.c:113:1: warning: old-style function definition [-Wold-style-definition]
/tmp/cc2lWXUX.o: In function `main':
conftest.c:(.text+0x8): undefined reference to `getprogname'
collect2: ld returned 1 exit status
configure:14559: $? = 1
configure: failed program was:
| /* confdefs.h */
| #define PACKAGE_NAME "avahi"
| #define PACKAGE_TARNAME "avahi"
| #define PACKAGE_VERSION "0.8"
| #define PACKAGE_STRING "avahi 0.8"
| #define PACKAGE_BUGREPORT "avahi (at) lists (dot) freedesktop (dot) org"
| #define PACKAGE_URL ""
| #define PACKAGE "avahi"
| #define VERSION "0.8"
| #define STDC_HEADERS 1
| #define HAVE_SYS_TYPES_H 1
| #define HAVE_SYS_STAT_H 1
| #define HAVE_STDLIB_H 1
| #define HAVE_STRING_H 1
| #define HAVE_MEMORY_H 1
| #define HAVE_STRINGS_H 1
| #define HAVE_INTTYPES_H 1
| #define HAVE_STDINT_H 1
| #define HAVE_UNISTD_H 1
| #define __EXTENSIONS__ 1
| #define _ALL_SOURCE 1
| #define _GNU_SOURCE 1
| #define _POSIX_PTHREAD_SEMANTICS 1
| #define _TANDEM_SOURCE 1
| #define HAVE_DLFCN_H 1
| #define LT_OBJDIR ".libs/"
| #define HAVE_PTHREAD 1
| #define HAVE_NETLINK /**/
| #define HAVE_SYS_SYSCTL_H /**/
| #define HAVE_STRUCT_IP_MREQN /**/
| #define STDC_HEADERS 1
| #define HAVE_ARPA_INET_H 1
| #define HAVE_FCNTL_H 1
| #define HAVE_INTTYPES_H 1
| #define HAVE_LIMITS_H 1
| #define HAVE_NETINET_IN_H 1
| #define HAVE_STDLIB_H 1
| #define HAVE_STRING_H 1
| #define HAVE_SYS_IOCTL_H 1
| #define HAVE_SYS_SOCKET_H 1
| #define HAVE_SYS_TIME_H 1
| #define HAVE_UNISTD_H 1
| #define HAVE_NETDB_H 1
| #define HAVE_SYSLOG_H 1
| #define HAVE__BOOL 1
| #define HAVE_STDBOOL_H 1
| #define TIME_WITH_SYS_TIME 1
| #define HAVE_SYS_WAIT_H 1
| #define HAVE_SYS_SELECT_H 1
| #define HAVE_SYS_SOCKET_H 1
| #define SELECT_TYPE_ARG1 int
| #define SELECT_TYPE_ARG234 (fd_set *)
| #define SELECT_TYPE_ARG5 (struct timeval *)
| #define HAVE_GETHOSTNAME 1
| #define HAVE_MEMCHR 1
| #define HAVE_MEMMOVE 1
| #define HAVE_MEMSET 1
| #define HAVE_MKDIR 1
| #define HAVE_SELECT 1
| #define HAVE_SOCKET 1
| #define HAVE_STRCHR 1
| #define HAVE_STRCSPN 1
| #define HAVE_STRDUP 1
| #define HAVE_STRERROR 1
| #define HAVE_STRRCHR 1
| #define HAVE_STRSPN 1
| #define HAVE_STRSTR 1
| #define HAVE_UNAME 1
| #define HAVE_SETRESUID 1
| #define HAVE_SETREUID 1
| #define HAVE_SETRESGID 1
| #define HAVE_SETREGID 1
| #define HAVE_STRCASECMP 1
| #define HAVE_GETTIMEOFDAY 1
| #define HAVE_PUTENV 1
| #define HAVE_STRNCASECMP 1
| #define HAVE_GETHOSTBYNAME 1
| #define HAVE_SETEUID 1
| #define HAVE_SETEGID 1
| /* end confdefs.h.  */
| /* Define getprogname to an innocuous variant, in case <limits.h> declares getprogname.
|    For example, HP-UX 11i <limits.h> declares gettimeofday.  */
| #define getprogname innocuous_getprogname
| 
| /* System header to define __stub macros and hopefully few prototypes,
|     which can conflict with char getprogname (); below.
|     Prefer <limits.h> to <assert.h> if __STDC__ is defined, since
|     <limits.h> exists even on freestanding compilers.  */
| 
| #ifdef __STDC__
| # include <limits.h>
| #else
| # include <assert.h>
| #endif
| 
| #undef getprogname
| 
| /* Override any GCC internal prototype to avoid an error.
|    Use char because int might match the return type of a GCC
|    builtin and then its argument prototype would still apply.  */
| #ifdef __cplusplus
| extern "C"
| #endif
| char getprogname ();
| /* The GNU C library defines this for functions which it implements
|     to always fail with ENOSYS.  Some functions are actually named
|     something starting with __ and the normal name is an alias.  */
| #if defined __stub_getprogname || defined __stub___getprogname
| choke me
| #endif
| 
| int
| main ()
| {
| return getprogname ();
|   ;
|   return 0;
| }
configure:14559: result: no
configure:14559: checking for getrandom
configure:14559: /home/wangtinghu/workspace/CORSICA_20251028_REMOVE_HTTPS_UNSAFE_CIPHERS_LIST_CSC/Corsica_adv/trunk/3rdparty/sony/avahi/../../../ti_tools/cgt_a8/arm-2010.09/bin/arm-none-linux-gnueabi-gcc -std=gnu99 -o conftest -I/home/wangtinghu/workspace/CORSICA_20251028_REMOVE_HTTPS_UNSAFE_CIPHERS_LIST_CSC/Corsica_adv/trunk/3rdparty/sony/avahi/opt/wa/include -Wall -W -Wextra -pedantic -pipe -Wformat -Wold-style-definition -Wdeclaration-after-statement -Wfloat-equal -Wmissing-declarations -Wmissing-prototypes -Wstrict-prototypes -Wredundant-decls -Wmissing-noreturn -Wshadow -Wendif-labels -Wpointer-arith -Wbad-function-cast -Wcast-qual -Wcast-align -Wwrite-strings -fdiagnostics-show-option -Wno-cast-qual -fno-strict-aliasing  -static -static-libgcc -L/home/wangtinghu/workspace/CORSICA_20251028_REMOVE_HTTPS_UNSAFE_CIPHERS_LIST_CSC/Corsica_adv/trunk/3rdparty/sony/avahi/opt/wa/lib conftest.c  >&5
conftest.c:104:1: warning: function declaration isn't a prototype [-Wstrict-prototypes]
conftest.c:113:1: warning: function declaration isn't a prototype [-Wstrict-prototypes]
conftest.c: In function 'main':
conftest.c:113:1: warning: old-style function definition [-Wold-style-definition]
/tmp/cc6qm6n8.o: In function `main':
conftest.c:(.text+0x8): undefined reference to `getrandom'
collect2: ld returned 1 exit status
configure:14559: $? = 1
configure: failed program was:
| /* confdefs.h */
| #define PACKAGE_NAME "avahi"
| #define PACKAGE_TARNAME "avahi"
| #define PACKAGE_VERSION "0.8"
| #define PACKAGE_STRING "avahi 0.8"
| #define PACKAGE_BUGREPORT "avahi (at) lists (dot) freedesktop (dot) org"
| #define PACKAGE_URL ""
| #define PACKAGE "avahi"
| #define VERSION "0.8"
| #define STDC_HEADERS 1
| #define HAVE_SYS_TYPES_H 1
| #define HAVE_SYS_STAT_H 1
| #define HAVE_STDLIB_H 1
| #define HAVE_STRING_H 1
| #define HAVE_MEMORY_H 1
| #define HAVE_STRINGS_H 1
| #define HAVE_INTTYPES_H 1
| #define HAVE_STDINT_H 1
| #define HAVE_UNISTD_H 1
| #define __EXTENSIONS__ 1
| #define _ALL_SOURCE 1
| #define _GNU_SOURCE 1
| #define _POSIX_PTHREAD_SEMANTICS 1
| #define _TANDEM_SOURCE 1
| #define HAVE_DLFCN_H 1
| #define LT_OBJDIR ".libs/"
| #define HAVE_PTHREAD 1
| #define HAVE_NETLINK /**/
| #define HAVE_SYS_SYSCTL_H /**/
| #define HAVE_STRUCT_IP_MREQN /**/
| #define STDC_HEADERS 1
| #define HAVE_ARPA_INET_H 1
| #define HAVE_FCNTL_H 1
| #define HAVE_INTTYPES_H 1
| #define HAVE_LIMITS_H 1
| #define HAVE_NETINET_IN_H 1
| #define HAVE_STDLIB_H 1
| #define HAVE_STRING_H 1
| #define HAVE_SYS_IOCTL_H 1
| #define HAVE_SYS_SOCKET_H 1
| #define HAVE_SYS_TIME_H 1
| #define HAVE_UNISTD_H 1
| #define HAVE_NETDB_H 1
| #define HAVE_SYSLOG_H 1
| #define HAVE__BOOL 1
| #define HAVE_STDBOOL_H 1
| #define TIME_WITH_SYS_TIME 1
| #define HAVE_SYS_WAIT_H 1
| #define HAVE_SYS_SELECT_H 1
| #define HAVE_SYS_SOCKET_H 1
| #define SELECT_TYPE_ARG1 int
| #define SELECT_TYPE_ARG234 (fd_set *)
| #define SELECT_TYPE_ARG5 (struct timeval *)
| #define HAVE_GETHOSTNAME 1
| #define HAVE_MEMCHR 1
| #define HAVE_MEMMOVE 1
| #define HAVE_MEMSET 1
| #define HAVE_MKDIR 1
| #define HAVE_SELECT 1
| #define HAVE_SOCKET 1
| #define HAVE_STRCHR 1
| #define HAVE_STRCSPN 1
| #define HAVE_STRDUP 1
| #define HAVE_STRERROR 1
| #define HAVE_STRRCHR 1
| #define HAVE_STRSPN 1
| #define HAVE_STRSTR 1
| #define HAVE_UNAME 1
| #define HAVE_SETRESUID 1
| #define HAVE_SETREUID 1
| #define HAVE_SETRESGID 1
| #define HAVE_SETREGID 1
| #define HAVE_STRCASECMP 1
| #define HAVE_GETTIMEOFDAY 1
| #define HAVE_PUTENV 1
| #define HAVE_STRNCASECMP 1
| #define HAVE_GETHOSTBYNAME 1
| #define HAVE_SETEUID 1
| #define HAVE_SETEGID 1
| /* end confdefs.h.  */
| /* Define getrandom to an innocuous variant, in case <limits.h> declares getrandom.
|    For example, HP-UX 11i <limits.h> declares gettimeofday.  */
| #define getrandom innocuous_getrandom
| 
| /* System header to define __stub macros and hopefully few prototypes,
|     which can conflict with char getrandom (); below.
|     Prefer <limits.h> to <assert.h> if __STDC__ is defined, since
|     <limits.h> exists even on freestanding compilers.  */
| 
| #ifdef __STDC__
| # include <limits.h>
| #else
| # include <assert.h>
| #endif
| 
| #undef getrandom
| 
| /* Override any GCC internal prototype to avoid an error.
|    Use char because int might match the return type of a GCC
|    builtin and then its argument prototype would still apply.  */
| #ifdef __cplusplus
| extern "C"
| #endif
| char getrandom ();
| /* The GNU C library defines this for functions which it implements
|     to always fail with ENOSYS.  Some functions are actually named
|     something starting with __ and the normal name is an alias.  */
| #if defined __stub_getrandom || defined __stub___getrandom
| choke me
| #endif
| 
| int
| main ()
| {
| return getrandom ();
|   ;
|   return 0;
| }
configure:14559: result: no
configure:14570: checking sys/random.h usability
configure:14570: /home/wangtinghu/workspace/CORSICA_20251028_REMOVE_HTTPS_UNSAFE_CIPHERS_LIST_CSC/Corsica_adv/trunk/3rdparty/sony/avahi/../../../ti_tools/cgt_a8/arm-2010.09/bin/arm-none-linux-gnueabi-gcc -std=gnu99 -c -I/home/wangtinghu/workspace/CORSICA_20251028_REMOVE_HTTPS_UNSAFE_CIPHERS_LIST_CSC/Corsica_adv/trunk/3rdparty/sony/avahi/opt/wa/include -Wall -W -Wextra -pedantic -pipe -Wformat -Wold-style-definition -Wdeclaration-after-statement -Wfloat-equal -Wmissing-declarations -Wmissing-prototypes -Wstrict-prototypes -Wredundant-decls -Wmissing-noreturn -Wshadow -Wendif-labels -Wpointer-arith -Wbad-function-cast -Wcast-qual -Wcast-align -Wwrite-strings -fdiagnostics-show-option -Wno-cast-qual -fno-strict-aliasing  conftest.c >&5
conftest.c:114:24: fatal error: sys/random.h: No such file or directory
compilation terminated.
configure:14570: $? = 1
configure: failed program was:
| /* confdefs.h */
| #define PACKAGE_NAME "avahi"
| #define PACKAGE_TARNAME "avahi"
| #define PACKAGE_VERSION "0.8"
| #define PACKAGE_STRING "avahi 0.8"
| #define PACKAGE_BUGREPORT "avahi (at) lists (dot) freedesktop (dot) org"
| #define PACKAGE_URL ""
| #define PACKAGE "avahi"
| #define VERSION "0.8"
| #define STDC_HEADERS 1
| #define HAVE_SYS_TYPES_H 1
| #define HAVE_SYS_STAT_H 1
| #define HAVE_STDLIB_H 1
| #define HAVE_STRING_H 1
| #define HAVE_MEMORY_H 1
| #define HAVE_STRINGS_H 1
| #define HAVE_INTTYPES_H 1
| #define HAVE_STDINT_H 1
| #define HAVE_UNISTD_H 1
| #define __EXTENSIONS__ 1
| #define _ALL_SOURCE 1
| #define _GNU_SOURCE 1
| #define _POSIX_PTHREAD_SEMANTICS 1
| #define _TANDEM_SOURCE 1
| #define HAVE_DLFCN_H 1
| #define LT_OBJDIR ".libs/"
| #define HAVE_PTHREAD 1
| #define HAVE_NETLINK /**/
| #define HAVE_SYS_SYSCTL_H /**/
| #define HAVE_STRUCT_IP_MREQN /**/
| #define STDC_HEADERS 1
| #define HAVE_ARPA_INET_H 1
| #define HAVE_FCNTL_H 1
| #define HAVE_INTTYPES_H 1
| #define HAVE_LIMITS_H 1
| #define HAVE_NETINET_IN_H 1
| #define HAVE_STDLIB_H 1
| #define HAVE_STRING_H 1
| #define HAVE_SYS_IOCTL_H 1
| #define HAVE_SYS_SOCKET_H 1
| #define HAVE_SYS_TIME_H 1
| #define HAVE_UNISTD_H 1
| #define HAVE_NETDB_H 1
| #define HAVE_SYSLOG_H 1
| #define HAVE__BOOL 1
| #define HAVE_STDBOOL_H 1
| #define TIME_WITH_SYS_TIME 1
| #define HAVE_SYS_WAIT_H 1
| #define HAVE_SYS_SELECT_H 1
| #define HAVE_SYS_SOCKET_H 1
| #define SELECT_TYPE_ARG1 int
| #define SELECT_TYPE_ARG234 (fd_set *)
| #define SELECT_TYPE_ARG5 (struct timeval *)
| #define HAVE_GETHOSTNAME 1
| #define HAVE_MEMCHR 1
| #define HAVE_MEMMOVE 1
| #define HAVE_MEMSET 1
| #define HAVE_MKDIR 1
| #define HAVE_SELECT 1
| #define HAVE_SOCKET 1
| #define HAVE_STRCHR 1
| #define HAVE_STRCSPN 1
| #define HAVE_STRDUP 1
| #define HAVE_STRERROR 1
| #define HAVE_STRRCHR 1
| #define HAVE_STRSPN 1
| #define HAVE_STRSTR 1
| #define HAVE_UNAME 1
| #define HAVE_SETRESUID 1
| #define HAVE_SETREUID 1
| #define HAVE_SETRESGID 1
| #define HAVE_SETREGID 1
| #define HAVE_STRCASECMP 1
| #define HAVE_GETTIMEOFDAY 1
| #define HAVE_PUTENV 1
| #define HAVE_STRNCASECMP 1
| #define HAVE_GETHOSTBYNAME 1
| #define HAVE_SETEUID 1
| #define HAVE_SETEGID 1
| /* end confdefs.h.  */
| #include <stdio.h>
| #ifdef HAVE_SYS_TYPES_H
| # include <sys/types.h>
| #endif
| #ifdef HAVE_SYS_STAT_H
| # include <sys/stat.h>
| #endif
| #ifdef STDC_HEADERS
| # include <stdlib.h>
| # include <stddef.h>
| #else
| # ifdef HAVE_STDLIB_H
| #  include <stdlib.h>
| # endif
| #endif
| #ifdef HAVE_STRING_H
| # if !defined STDC_HEADERS && defined HAVE_MEMORY_H
| #  include <memory.h>
| # endif
| # include <string.h>
| #endif
| #ifdef HAVE_STRINGS_H
| # include <strings.h>
| #endif
| #ifdef HAVE_INTTYPES_H
| # include <inttypes.h>
| #endif
| #ifdef HAVE_STDINT_H
| # include <stdint.h>
| #endif
| #ifdef HAVE_UNISTD_H
| # include <unistd.h>
| #endif
| #include <sys/random.h>
configure:14570: result: no
configure:14570: checking sys/random.h presence
configure:14570: /home/wangtinghu/workspace/CORSICA_20251028_REMOVE_HTTPS_UNSAFE_CIPHERS_LIST_CSC/Corsica_adv/trunk/3rdparty/sony/avahi/../../../ti_tools/cgt_a8/arm-2010.09/bin/arm-none-linux-gnueabi-gcc -std=gnu99 -E  conftest.c
conftest.c:81:24: fatal error: sys/random.h: No such file or directory
compilation terminated.
configure:14570: $? = 1
configure: failed program was:
| /* confdefs.h */
| #define PACKAGE_NAME "avahi"
| #define PACKAGE_TARNAME "avahi"
| #define PACKAGE_VERSION "0.8"
| #define PACKAGE_STRING "avahi 0.8"
| #define PACKAGE_BUGREPORT "avahi (at) lists (dot) freedesktop (dot) org"
| #define PACKAGE_URL ""
| #define PACKAGE "avahi"
| #define VERSION "0.8"
| #define STDC_HEADERS 1
| #define HAVE_SYS_TYPES_H 1
| #define HAVE_SYS_STAT_H 1
| #define HAVE_STDLIB_H 1
| #define HAVE_STRING_H 1
| #define HAVE_MEMORY_H 1
| #define HAVE_STRINGS_H 1
| #define HAVE_INTTYPES_H 1
| #define HAVE_STDINT_H 1
| #define HAVE_UNISTD_H 1
| #define __EXTENSIONS__ 1
| #define _ALL_SOURCE 1
| #define _GNU_SOURCE 1
| #define _POSIX_PTHREAD_SEMANTICS 1
| #define _TANDEM_SOURCE 1
| #define HAVE_DLFCN_H 1
| #define LT_OBJDIR ".libs/"
| #define HAVE_PTHREAD 1
| #define HAVE_NETLINK /**/
| #define HAVE_SYS_SYSCTL_H /**/
| #define HAVE_STRUCT_IP_MREQN /**/
| #define STDC_HEADERS 1
| #define HAVE_ARPA_INET_H 1
| #define HAVE_FCNTL_H 1
| #define HAVE_INTTYPES_H 1
| #define HAVE_LIMITS_H 1
| #define HAVE_NETINET_IN_H 1
| #define HAVE_STDLIB_H 1
| #define HAVE_STRING_H 1
| #define HAVE_SYS_IOCTL_H 1
| #define HAVE_SYS_SOCKET_H 1
| #define HAVE_SYS_TIME_H 1
| #define HAVE_UNISTD_H 1
| #define HAVE_NETDB_H 1
| #define HAVE_SYSLOG_H 1
| #define HAVE__BOOL 1
| #define HAVE_STDBOOL_H 1
| #define TIME_WITH_SYS_TIME 1
| #define HAVE_SYS_WAIT_H 1
| #define HAVE_SYS_SELECT_H 1
| #define HAVE_SYS_SOCKET_H 1
| #define SELECT_TYPE_ARG1 int
| #define SELECT_TYPE_ARG234 (fd_set *)
| #define SELECT_TYPE_ARG5 (struct timeval *)
| #define HAVE_GETHOSTNAME 1
| #define HAVE_MEMCHR 1
| #define HAVE_MEMMOVE 1
| #define HAVE_MEMSET 1
| #define HAVE_MKDIR 1
| #define HAVE_SELECT 1
| #define HAVE_SOCKET 1
| #define HAVE_STRCHR 1
| #define HAVE_STRCSPN 1
| #define HAVE_STRDUP 1
| #define HAVE_STRERROR 1
| #define HAVE_STRRCHR 1
| #define HAVE_STRSPN 1
| #define HAVE_STRSTR 1
| #define HAVE_UNAME 1
| #define HAVE_SETRESUID 1
| #define HAVE_SETREUID 1
| #define HAVE_SETRESGID 1
| #define HAVE_SETREGID 1
| #define HAVE_STRCASECMP 1
| #define HAVE_GETTIMEOFDAY 1
| #define HAVE_PUTENV 1
| #define HAVE_STRNCASECMP 1
| #define HAVE_GETHOSTBYNAME 1
| #define HAVE_SETEUID 1
| #define HAVE_SETEGID 1
| /* end confdefs.h.  */
| #include <sys/random.h>
configure:14570: result: no
configure:14570: checking for sys/random.h
configure:14570: result: no
configure:14581: checking for uid_t in sys/types.h
configure:14600: result: yes
configure:14613: checking for unistd.h
configure:14613: result: yes
configure:14623: checking for working chown
configure:14668: result: no
configure:14676: checking whether lstat correctly handles trailing slash
configure:14719: result: no
configure:14738: checking whether stat accepts an empty string
configure:14768: result: yes
configure:14784: checking for mode_t
configure:14784: /home/wangtinghu/workspace/CORSICA_20251028_REMOVE_HTTPS_UNSAFE_CIPHERS_LIST_CSC/Corsica_adv/trunk/3rdparty/sony/avahi/../../../ti_tools/cgt_a8/arm-2010.09/bin/arm-none-linux-gnueabi-gcc -std=gnu99 -c -I/home/wangtinghu/workspace/CORSICA_20251028_REMOVE_HTTPS_UNSAFE_CIPHERS_LIST_CSC/Corsica_adv/trunk/3rdparty/sony/avahi/opt/wa/include -Wall -W -Wextra -pedantic -pipe -Wformat -Wold-style-definition -Wdeclaration-after-statement -Wfloat-equal -Wmissing-declarations -Wmissing-prototypes -Wstrict-prototypes -Wredundant-decls -Wmissing-noreturn -Wshadow -Wendif-labels -Wpointer-arith -Wbad-function-cast -Wcast-qual -Wcast-align -Wwrite-strings -fdiagnostics-show-option -Wno-cast-qual -fno-strict-aliasing  conftest.c >&5
conftest.c:117:1: warning: function declaration isn't a prototype [-Wstrict-prototypes]
conftest.c: In function 'main':
conftest.c:117:1: warning: old-style function definition [-Wold-style-definition]
configure:14784: $? = 0
configure:14784: /home/wangtinghu/workspace/CORSICA_20251028_REMOVE_HTTPS_UNSAFE_CIPHERS_LIST_CSC/Corsica_adv/trunk/3rdparty/sony/avahi/../../../ti_tools/cgt_a8/arm-2010.09/bin/arm-none-linux-gnueabi-gcc -std=gnu99 -c -I/home/wangtinghu/workspace/CORSICA_20251028_REMOVE_HTTPS_UNSAFE_CIPHERS_LIST_CSC/Corsica_adv/trunk/3rdparty/sony/avahi/opt/wa/include -Wall -W -Wextra -pedantic -pipe -Wformat -Wold-style-definition -Wdeclaration-after-statement -Wfloat-equal -Wmissing-declarations -Wmissing-prototypes -Wstrict-prototypes -Wredundant-decls -Wmissing-noreturn -Wshadow -Wendif-labels -Wpointer-arith -Wbad-function-cast -Wcast-qual -Wcast-align -Wwrite-strings -fdiagnostics-show-option -Wno-cast-qual -fno-strict-aliasing  conftest.c >&5
conftest.c:117:1: warning: function declaration isn't a prototype [-Wstrict-prototypes]
conftest.c: In function 'main':
conftest.c:117:1: warning: old-style function definition [-Wold-style-definition]
conftest.c:119:21: error: expected expression before ')' token
configure:14784: $? = 1
configure: failed program was:
| /* confdefs.h */
| #define PACKAGE_NAME "avahi"
| #define PACKAGE_TARNAME "avahi"
| #define PACKAGE_VERSION "0.8"
| #define PACKAGE_STRING "avahi 0.8"
| #define PACKAGE_BUGREPORT "avahi (at) lists (dot) freedesktop (dot) org"
| #define PACKAGE_URL ""
| #define PACKAGE "avahi"
| #define VERSION "0.8"
| #define STDC_HEADERS 1
| #define HAVE_SYS_TYPES_H 1
| #define HAVE_SYS_STAT_H 1
| #define HAVE_STDLIB_H 1
| #define HAVE_STRING_H 1
| #define HAVE_MEMORY_H 1
| #define HAVE_STRINGS_H 1
| #define HAVE_INTTYPES_H 1
| #define HAVE_STDINT_H 1
| #define HAVE_UNISTD_H 1
| #define __EXTENSIONS__ 1
| #define _ALL_SOURCE 1
| #define _GNU_SOURCE 1
| #define _POSIX_PTHREAD_SEMANTICS 1
| #define _TANDEM_SOURCE 1
| #define HAVE_DLFCN_H 1
| #define LT_OBJDIR ".libs/"
| #define HAVE_PTHREAD 1
| #define HAVE_NETLINK /**/
| #define HAVE_SYS_SYSCTL_H /**/
| #define HAVE_STRUCT_IP_MREQN /**/
| #define STDC_HEADERS 1
| #define HAVE_ARPA_INET_H 1
| #define HAVE_FCNTL_H 1
| #define HAVE_INTTYPES_H 1
| #define HAVE_LIMITS_H 1
| #define HAVE_NETINET_IN_H 1
| #define HAVE_STDLIB_H 1
| #define HAVE_STRING_H 1
| #define HAVE_SYS_IOCTL_H 1
| #define HAVE_SYS_SOCKET_H 1
| #define HAVE_SYS_TIME_H 1
| #define HAVE_UNISTD_H 1
| #define HAVE_NETDB_H 1
| #define HAVE_SYSLOG_H 1
| #define HAVE__BOOL 1
| #define HAVE_STDBOOL_H 1
| #define TIME_WITH_SYS_TIME 1
| #define HAVE_SYS_WAIT_H 1
| #define HAVE_SYS_SELECT_H 1
| #define HAVE_SYS_SOCKET_H 1
| #define SELECT_TYPE_ARG1 int
| #define SELECT_TYPE_ARG234 (fd_set *)
| #define SELECT_TYPE_ARG5 (struct timeval *)
| #define HAVE_GETHOSTNAME 1
| #define HAVE_MEMCHR 1
| #define HAVE_MEMMOVE 1
| #define HAVE_MEMSET 1
| #define HAVE_MKDIR 1
| #define HAVE_SELECT 1
| #define HAVE_SOCKET 1
| #define HAVE_STRCHR 1
| #define HAVE_STRCSPN 1
| #define HAVE_STRDUP 1
| #define HAVE_STRERROR 1
| #define HAVE_STRRCHR 1
| #define HAVE_STRSPN 1
| #define HAVE_STRSTR 1
| #define HAVE_UNAME 1
| #define HAVE_SETRESUID 1
| #define HAVE_SETREUID 1
| #define HAVE_SETRESGID 1
| #define HAVE_SETREGID 1
| #define HAVE_STRCASECMP 1
| #define HAVE_GETTIMEOFDAY 1
| #define HAVE_PUTENV 1
| #define HAVE_STRNCASECMP 1
| #define HAVE_GETHOSTBYNAME 1
| #define HAVE_SETEUID 1
| #define HAVE_SETEGID 1
| #define HAVE_UNISTD_H 1
| #define HAVE_STAT_EMPTY_STRING_BUG 1
| /* end confdefs.h.  */
| #include <stdio.h>
| #ifdef HAVE_SYS_TYPES_H
| # include <sys/types.h>
| #endif
| #ifdef HAVE_SYS_STAT_H
| # include <sys/stat.h>
| #endif
| #ifdef STDC_HEADERS
| # include <stdlib.h>
| # include <stddef.h>
| #else
| # ifdef HAVE_STDLIB_H
| #  include <stdlib.h>
| # endif
| #endif
| #ifdef HAVE_STRING_H
| # if !defined STDC_HEADERS && defined HAVE_MEMORY_H
| #  include <memory.h>
| # endif
| # include <string.h>
| #endif
| #ifdef HAVE_STRINGS_H
| # include <strings.h>
| #endif
| #ifdef HAVE_INTTYPES_H
| # include <inttypes.h>
| #endif
| #ifdef HAVE_STDINT_H
| # include <stdint.h>
| #endif
| #ifdef HAVE_UNISTD_H
| # include <unistd.h>
| #endif
| int
| main ()
| {
| if (sizeof ((mode_t)))
| 	    return 0;
|   ;
|   return 0;
| }
configure:14784: result: yes
configure:14795: checking for pid_t
configure:14795: /home/wangtinghu/workspace/CORSICA_20251028_REMOVE_HTTPS_UNSAFE_CIPHERS_LIST_CSC/Corsica_adv/trunk/3rdparty/sony/avahi/../../../ti_tools/cgt_a8/arm-2010.09/bin/arm-none-linux-gnueabi-gcc -std=gnu99 -c -I/home/wangtinghu/workspace/CORSICA_20251028_REMOVE_HTTPS_UNSAFE_CIPHERS_LIST_CSC/Corsica_adv/trunk/3rdparty/sony/avahi/opt/wa/include -Wall -W -Wextra -pedantic -pipe -Wformat -Wold-style-definition -Wdeclaration-after-statement -Wfloat-equal -Wmissing-declarations -Wmissing-prototypes -Wstrict-prototypes -Wredundant-decls -Wmissing-noreturn -Wshadow -Wendif-labels -Wpointer-arith -Wbad-function-cast -Wcast-qual -Wcast-align -Wwrite-strings -fdiagnostics-show-option -Wno-cast-qual -fno-strict-aliasing  conftest.c >&5
conftest.c:117:1: warning: function declaration isn't a prototype [-Wstrict-prototypes]
conftest.c: In function 'main':
conftest.c:117:1: warning: old-style function definition [-Wold-style-definition]
configure:14795: $? = 0
configure:14795: /home/wangtinghu/workspace/CORSICA_20251028_REMOVE_HTTPS_UNSAFE_CIPHERS_LIST_CSC/Corsica_adv/trunk/3rdparty/sony/avahi/../../../ti_tools/cgt_a8/arm-2010.09/bin/arm-none-linux-gnueabi-gcc -std=gnu99 -c -I/home/wangtinghu/workspace/CORSICA_20251028_REMOVE_HTTPS_UNSAFE_CIPHERS_LIST_CSC/Corsica_adv/trunk/3rdparty/sony/avahi/opt/wa/include -Wall -W -Wextra -pedantic -pipe -Wformat -Wold-style-definition -Wdeclaration-after-statement -Wfloat-equal -Wmissing-declarations -Wmissing-prototypes -Wstrict-prototypes -Wredundant-decls -Wmissing-noreturn -Wshadow -Wendif-labels -Wpointer-arith -Wbad-function-cast -Wcast-qual -Wcast-align -Wwrite-strings -fdiagnostics-show-option -Wno-cast-qual -fno-strict-aliasing  conftest.c >&5
conftest.c:117:1: warning: function declaration isn't a prototype [-Wstrict-prototypes]
conftest.c: In function 'main':
conftest.c:117:1: warning: old-style function definition [-Wold-style-definition]
conftest.c:119:20: error: expected expression before ')' token
configure:14795: $? = 1
configure: failed program was:
| /* confdefs.h */
| #define PACKAGE_NAME "avahi"
| #define PACKAGE_TARNAME "avahi"
| #define PACKAGE_VERSION "0.8"
| #define PACKAGE_STRING "avahi 0.8"
| #define PACKAGE_BUGREPORT "avahi (at) lists (dot) freedesktop (dot) org"
| #define PACKAGE_URL ""
| #define PACKAGE "avahi"
| #define VERSION "0.8"
| #define STDC_HEADERS 1
| #define HAVE_SYS_TYPES_H 1
| #define HAVE_SYS_STAT_H 1
| #define HAVE_STDLIB_H 1
| #define HAVE_STRING_H 1
| #define HAVE_MEMORY_H 1
| #define HAVE_STRINGS_H 1
| #define HAVE_INTTYPES_H 1
| #define HAVE_STDINT_H 1
| #define HAVE_UNISTD_H 1
| #define __EXTENSIONS__ 1
| #define _ALL_SOURCE 1
| #define _GNU_SOURCE 1
| #define _POSIX_PTHREAD_SEMANTICS 1
| #define _TANDEM_SOURCE 1
| #define HAVE_DLFCN_H 1
| #define LT_OBJDIR ".libs/"
| #define HAVE_PTHREAD 1
| #define HAVE_NETLINK /**/
| #define HAVE_SYS_SYSCTL_H /**/
| #define HAVE_STRUCT_IP_MREQN /**/
| #define STDC_HEADERS 1
| #define HAVE_ARPA_INET_H 1
| #define HAVE_FCNTL_H 1
| #define HAVE_INTTYPES_H 1
| #define HAVE_LIMITS_H 1
| #define HAVE_NETINET_IN_H 1
| #define HAVE_STDLIB_H 1
| #define HAVE_STRING_H 1
| #define HAVE_SYS_IOCTL_H 1
| #define HAVE_SYS_SOCKET_H 1
| #define HAVE_SYS_TIME_H 1
| #define HAVE_UNISTD_H 1
| #define HAVE_NETDB_H 1
| #define HAVE_SYSLOG_H 1
| #define HAVE__BOOL 1
| #define HAVE_STDBOOL_H 1
| #define TIME_WITH_SYS_TIME 1
| #define HAVE_SYS_WAIT_H 1
| #define HAVE_SYS_SELECT_H 1
| #define HAVE_SYS_SOCKET_H 1
| #define SELECT_TYPE_ARG1 int
| #define SELECT_TYPE_ARG234 (fd_set *)
| #define SELECT_TYPE_ARG5 (struct timeval *)
| #define HAVE_GETHOSTNAME 1
| #define HAVE_MEMCHR 1
| #define HAVE_MEMMOVE 1
| #define HAVE_MEMSET 1
| #define HAVE_MKDIR 1
| #define HAVE_SELECT 1
| #define HAVE_SOCKET 1
| #define HAVE_STRCHR 1
| #define HAVE_STRCSPN 1
| #define HAVE_STRDUP 1
| #define HAVE_STRERROR 1
| #define HAVE_STRRCHR 1
| #define HAVE_STRSPN 1
| #define HAVE_STRSTR 1
| #define HAVE_UNAME 1
| #define HAVE_SETRESUID 1
| #define HAVE_SETREUID 1
| #define HAVE_SETRESGID 1
| #define HAVE_SETREGID 1
| #define HAVE_STRCASECMP 1
| #define HAVE_GETTIMEOFDAY 1
| #define HAVE_PUTENV 1
| #define HAVE_STRNCASECMP 1
| #define HAVE_GETHOSTBYNAME 1
| #define HAVE_SETEUID 1
| #define HAVE_SETEGID 1
| #define HAVE_UNISTD_H 1
| #define HAVE_STAT_EMPTY_STRING_BUG 1
| /* end confdefs.h.  */
| #include <stdio.h>
| #ifdef HAVE_SYS_TYPES_H
| # include <sys/types.h>
| #endif
| #ifdef HAVE_SYS_STAT_H
| # include <sys/stat.h>
| #endif
| #ifdef STDC_HEADERS
| # include <stdlib.h>
| # include <stddef.h>
| #else
| # ifdef HAVE_STDLIB_H
| #  include <stdlib.h>
| # endif
| #endif
| #ifdef HAVE_STRING_H
| # if !defined STDC_HEADERS && defined HAVE_MEMORY_H
| #  include <memory.h>
| # endif
| # include <string.h>
| #endif
| #ifdef HAVE_STRINGS_H
| # include <strings.h>
| #endif
| #ifdef HAVE_INTTYPES_H
| # include <inttypes.h>
| #endif
| #ifdef HAVE_STDINT_H
| # include <stdint.h>
| #endif
| #ifdef HAVE_UNISTD_H
| # include <unistd.h>
| #endif
| int
| main ()
| {
| if (sizeof ((pid_t)))
| 	    return 0;
|   ;
|   return 0;
| }
configure:14795: result: yes
configure:14807: checking whether environ is declared
configure:14807: /home/wangtinghu/workspace/CORSICA_20251028_REMOVE_HTTPS_UNSAFE_CIPHERS_LIST_CSC/Corsica_adv/trunk/3rdparty/sony/avahi/../../../ti_tools/cgt_a8/arm-2010.09/bin/arm-none-linux-gnueabi-gcc -std=gnu99 -c -I/home/wangtinghu/workspace/CORSICA_20251028_REMOVE_HTTPS_UNSAFE_CIPHERS_LIST_CSC/Corsica_adv/trunk/3rdparty/sony/avahi/opt/wa/include -Wall -W -Wextra -pedantic -pipe -Wformat -Wold-style-definition -Wdeclaration-after-statement -Wfloat-equal -Wmissing-declarations -Wmissing-prototypes -Wstrict-prototypes -Wredundant-decls -Wmissing-noreturn -Wshadow -Wendif-labels -Wpointer-arith -Wbad-function-cast -Wcast-qual -Wcast-align -Wwrite-strings -fdiagnostics-show-option -Wno-cast-qual -fno-strict-aliasing  conftest.c >&5
conftest.c:117:1: warning: function declaration isn't a prototype [-Wstrict-prototypes]
conftest.c: In function 'main':
conftest.c:117:1: warning: old-style function definition [-Wold-style-definition]
configure:14807: $? = 0
configure:14807: result: yes
configure:14825: checking for gcc -fvisibility=hidden support
configure:14844: /home/wangtinghu/workspace/CORSICA_20251028_REMOVE_HTTPS_UNSAFE_CIPHERS_LIST_CSC/Corsica_adv/trunk/3rdparty/sony/avahi/../../../ti_tools/cgt_a8/arm-2010.09/bin/arm-none-linux-gnueabi-gcc -std=gnu99 -c -I/home/wangtinghu/workspace/CORSICA_20251028_REMOVE_HTTPS_UNSAFE_CIPHERS_LIST_CSC/Corsica_adv/trunk/3rdparty/sony/avahi/opt/wa/include -Wall -W -Wextra -pedantic -pipe -Wformat -Wold-style-definition -Wdeclaration-after-statement -Wfloat-equal -Wmissing-declarations -Wmissing-prototypes -Wstrict-prototypes -Wredundant-decls -Wmissing-noreturn -Wshadow -Wendif-labels -Wpointer-arith -Wbad-function-cast -Wcast-qual -Wcast-align -Wwrite-strings -fdiagnostics-show-option -Wno-cast-qual -fno-strict-aliasing -fvisibility=hidden  conftest.c >&5
conftest.c:89:1: warning: function declaration isn't a prototype [-Wstrict-prototypes]
conftest.c: In function 'main':
conftest.c:89:1: warning: old-style function definition [-Wold-style-definition]
configure:14844: $? = 0
configure:14850: result: yes
configure:14874: checking sys/capability.h usability
configure:14874: /home/wangtinghu/workspace/CORSICA_20251028_REMOVE_HTTPS_UNSAFE_CIPHERS_LIST_CSC/Corsica_adv/trunk/3rdparty/sony/avahi/../../../ti_tools/cgt_a8/arm-2010.09/bin/arm-none-linux-gnueabi-gcc -std=gnu99 -c -I/home/wangtinghu/workspace/CORSICA_20251028_REMOVE_HTTPS_UNSAFE_CIPHERS_LIST_CSC/Corsica_adv/trunk/3rdparty/sony/avahi/opt/wa/include -Wall -W -Wextra -pedantic -pipe -Wformat -Wold-style-definition -Wdeclaration-after-statement -Wfloat-equal -Wmissing-declarations -Wmissing-prototypes -Wstrict-prototypes -Wredundant-decls -Wmissing-noreturn -Wshadow -Wendif-labels -Wpointer-arith -Wbad-function-cast -Wcast-qual -Wcast-align -Wwrite-strings -fdiagnostics-show-option -Wno-cast-qual -fno-strict-aliasing  conftest.c >&5
conftest.c:119:28: fatal error: sys/capability.h: No such file or directory
compilation terminated.
configure:14874: $? = 1
configure: failed program was:
| /* confdefs.h */
| #define PACKAGE_NAME "avahi"
| #define PACKAGE_TARNAME "avahi"
| #define PACKAGE_VERSION "0.8"
| #define PACKAGE_STRING "avahi 0.8"
| #define PACKAGE_BUGREPORT "avahi (at) lists (dot) freedesktop (dot) org"
| #define PACKAGE_URL ""
| #define PACKAGE "avahi"
| #define VERSION "0.8"
| #define STDC_HEADERS 1
| #define HAVE_SYS_TYPES_H 1
| #define HAVE_SYS_STAT_H 1
| #define HAVE_STDLIB_H 1
| #define HAVE_STRING_H 1
| #define HAVE_MEMORY_H 1
| #define HAVE_STRINGS_H 1
| #define HAVE_INTTYPES_H 1
| #define HAVE_STDINT_H 1
| #define HAVE_UNISTD_H 1
| #define __EXTENSIONS__ 1
| #define _ALL_SOURCE 1
| #define _GNU_SOURCE 1
| #define _POSIX_PTHREAD_SEMANTICS 1
| #define _TANDEM_SOURCE 1
| #define HAVE_DLFCN_H 1
| #define LT_OBJDIR ".libs/"
| #define HAVE_PTHREAD 1
| #define HAVE_NETLINK /**/
| #define HAVE_SYS_SYSCTL_H /**/
| #define HAVE_STRUCT_IP_MREQN /**/
| #define STDC_HEADERS 1
| #define HAVE_ARPA_INET_H 1
| #define HAVE_FCNTL_H 1
| #define HAVE_INTTYPES_H 1
| #define HAVE_LIMITS_H 1
| #define HAVE_NETINET_IN_H 1
| #define HAVE_STDLIB_H 1
| #define HAVE_STRING_H 1
| #define HAVE_SYS_IOCTL_H 1
| #define HAVE_SYS_SOCKET_H 1
| #define HAVE_SYS_TIME_H 1
| #define HAVE_UNISTD_H 1
| #define HAVE_NETDB_H 1
| #define HAVE_SYSLOG_H 1
| #define HAVE__BOOL 1
| #define HAVE_STDBOOL_H 1
| #define TIME_WITH_SYS_TIME 1
| #define HAVE_SYS_WAIT_H 1
| #define HAVE_SYS_SELECT_H 1
| #define HAVE_SYS_SOCKET_H 1
| #define SELECT_TYPE_ARG1 int
| #define SELECT_TYPE_ARG234 (fd_set *)
| #define SELECT_TYPE_ARG5 (struct timeval *)
| #define HAVE_GETHOSTNAME 1
| #define HAVE_MEMCHR 1
| #define HAVE_MEMMOVE 1
| #define HAVE_MEMSET 1
| #define HAVE_MKDIR 1
| #define HAVE_SELECT 1
| #define HAVE_SOCKET 1
| #define HAVE_STRCHR 1
| #define HAVE_STRCSPN 1
| #define HAVE_STRDUP 1
| #define HAVE_STRERROR 1
| #define HAVE_STRRCHR 1
| #define HAVE_STRSPN 1
| #define HAVE_STRSTR 1
| #define HAVE_UNAME 1
| #define HAVE_SETRESUID 1
| #define HAVE_SETREUID 1
| #define HAVE_SETRESGID 1
| #define HAVE_SETREGID 1
| #define HAVE_STRCASECMP 1
| #define HAVE_GETTIMEOFDAY 1
| #define HAVE_PUTENV 1
| #define HAVE_STRNCASECMP 1
| #define HAVE_GETHOSTBYNAME 1
| #define HAVE_SETEUID 1
| #define HAVE_SETEGID 1
| #define HAVE_UNISTD_H 1
| #define HAVE_STAT_EMPTY_STRING_BUG 1
| #define HAVE_DECL_ENVIRON 1
| #define HAVE_GCC_VISIBILITY 1
| #define HAVE_VISIBILITY_HIDDEN /**/
| /* end confdefs.h.  */
| #include <stdio.h>
| #ifdef HAVE_SYS_TYPES_H
| # include <sys/types.h>
| #endif
| #ifdef HAVE_SYS_STAT_H
| # include <sys/stat.h>
| #endif
| #ifdef STDC_HEADERS
| # include <stdlib.h>
| # include <stddef.h>
| #else
| # ifdef HAVE_STDLIB_H
| #  include <stdlib.h>
| # endif
| #endif
| #ifdef HAVE_STRING_H
| # if !defined STDC_HEADERS && defined HAVE_MEMORY_H
| #  include <memory.h>
| # endif
| # include <string.h>
| #endif
| #ifdef HAVE_STRINGS_H
| # include <strings.h>
| #endif
| #ifdef HAVE_INTTYPES_H
| # include <inttypes.h>
| #endif
| #ifdef HAVE_STDINT_H
| # include <stdint.h>
| #endif
| #ifdef HAVE_UNISTD_H
| # include <unistd.h>
| #endif
| #include <sys/capability.h>
configure:14874: result: no
configure:14874: checking sys/capability.h presence
configure:14874: /home/wangtinghu/workspace/CORSICA_20251028_REMOVE_HTTPS_UNSAFE_CIPHERS_LIST_CSC/Corsica_adv/trunk/3rdparty/sony/avahi/../../../ti_tools/cgt_a8/arm-2010.09/bin/arm-none-linux-gnueabi-gcc -std=gnu99 -E  conftest.c
conftest.c:86:28: fatal error: sys/capability.h: No such file or directory
compilation terminated.
configure:14874: $? = 1
configure: failed program was:
| /* confdefs.h */
| #define PACKAGE_NAME "avahi"
| #define PACKAGE_TARNAME "avahi"
| #define PACKAGE_VERSION "0.8"
| #define PACKAGE_STRING "avahi 0.8"
| #define PACKAGE_BUGREPORT "avahi (at) lists (dot) freedesktop (dot) org"
| #define PACKAGE_URL ""
| #define PACKAGE "avahi"
| #define VERSION "0.8"
| #define STDC_HEADERS 1
| #define HAVE_SYS_TYPES_H 1
| #define HAVE_SYS_STAT_H 1
| #define HAVE_STDLIB_H 1
| #define HAVE_STRING_H 1
| #define HAVE_MEMORY_H 1
| #define HAVE_STRINGS_H 1
| #define HAVE_INTTYPES_H 1
| #define HAVE_STDINT_H 1
| #define HAVE_UNISTD_H 1
| #define __EXTENSIONS__ 1
| #define _ALL_SOURCE 1
| #define _GNU_SOURCE 1
| #define _POSIX_PTHREAD_SEMANTICS 1
| #define _TANDEM_SOURCE 1
| #define HAVE_DLFCN_H 1
| #define LT_OBJDIR ".libs/"
| #define HAVE_PTHREAD 1
| #define HAVE_NETLINK /**/
| #define HAVE_SYS_SYSCTL_H /**/
| #define HAVE_STRUCT_IP_MREQN /**/
| #define STDC_HEADERS 1
| #define HAVE_ARPA_INET_H 1
| #define HAVE_FCNTL_H 1
| #define HAVE_INTTYPES_H 1
| #define HAVE_LIMITS_H 1
| #define HAVE_NETINET_IN_H 1
| #define HAVE_STDLIB_H 1
| #define HAVE_STRING_H 1
| #define HAVE_SYS_IOCTL_H 1
| #define HAVE_SYS_SOCKET_H 1
| #define HAVE_SYS_TIME_H 1
| #define HAVE_UNISTD_H 1
| #define HAVE_NETDB_H 1
| #define HAVE_SYSLOG_H 1
| #define HAVE__BOOL 1
| #define HAVE_STDBOOL_H 1
| #define TIME_WITH_SYS_TIME 1
| #define HAVE_SYS_WAIT_H 1
| #define HAVE_SYS_SELECT_H 1
| #define HAVE_SYS_SOCKET_H 1
| #define SELECT_TYPE_ARG1 int
| #define SELECT_TYPE_ARG234 (fd_set *)
| #define SELECT_TYPE_ARG5 (struct timeval *)
| #define HAVE_GETHOSTNAME 1
| #define HAVE_MEMCHR 1
| #define HAVE_MEMMOVE 1
| #define HAVE_MEMSET 1
| #define HAVE_MKDIR 1
| #define HAVE_SELECT 1
| #define HAVE_SOCKET 1
| #define HAVE_STRCHR 1
| #define HAVE_STRCSPN 1
| #define HAVE_STRDUP 1
| #define HAVE_STRERROR 1
| #define HAVE_STRRCHR 1
| #define HAVE_STRSPN 1
| #define HAVE_STRSTR 1
| #define HAVE_UNAME 1
| #define HAVE_SETRESUID 1
| #define HAVE_SETREUID 1
| #define HAVE_SETRESGID 1
| #define HAVE_SETREGID 1
| #define HAVE_STRCASECMP 1
| #define HAVE_GETTIMEOFDAY 1
| #define HAVE_PUTENV 1
| #define HAVE_STRNCASECMP 1
| #define HAVE_GETHOSTBYNAME 1
| #define HAVE_SETEUID 1
| #define HAVE_SETEGID 1
| #define HAVE_UNISTD_H 1
| #define HAVE_STAT_EMPTY_STRING_BUG 1
| #define HAVE_DECL_ENVIRON 1
| #define HAVE_GCC_VISIBILITY 1
| #define HAVE_VISIBILITY_HIDDEN /**/
| /* end confdefs.h.  */
| #include <sys/capability.h>
configure:14874: result: no
configure:14874: checking for sys/capability.h
configure:14874: result: no
configure:14888: checking sys/prctl.h usability
configure:14888: /home/wangtinghu/workspace/CORSICA_20251028_REMOVE_HTTPS_UNSAFE_CIPHERS_LIST_CSC/Corsica_adv/trunk/3rdparty/sony/avahi/../../../ti_tools/cgt_a8/arm-2010.09/bin/arm-none-linux-gnueabi-gcc -std=gnu99 -c -I/home/wangtinghu/workspace/CORSICA_20251028_REMOVE_HTTPS_UNSAFE_CIPHERS_LIST_CSC/Corsica_adv/trunk/3rdparty/sony/avahi/opt/wa/include -Wall -W -Wextra -pedantic -pipe -Wformat -Wold-style-definition -Wdeclaration-after-statement -Wfloat-equal -Wmissing-declarations -Wmissing-prototypes -Wstrict-prototypes -Wredundant-decls -Wmissing-noreturn -Wshadow -Wendif-labels -Wpointer-arith -Wbad-function-cast -Wcast-qual -Wcast-align -Wwrite-strings -fdiagnostics-show-option -Wno-cast-qual -fno-strict-aliasing  conftest.c >&5
configure:14888: $? = 0
configure:14888: result: yes
configure:14888: checking sys/prctl.h presence
configure:14888: /home/wangtinghu/workspace/CORSICA_20251028_REMOVE_HTTPS_UNSAFE_CIPHERS_LIST_CSC/Corsica_adv/trunk/3rdparty/sony/avahi/../../../ti_tools/cgt_a8/arm-2010.09/bin/arm-none-linux-gnueabi-gcc -std=gnu99 -E  conftest.c
configure:14888: $? = 0
configure:14888: result: yes
configure:14888: checking for sys/prctl.h
configure:14888: result: yes
configure:14902: checking for chroot
configure:14902: /home/wangtinghu/workspace/CORSICA_20251028_REMOVE_HTTPS_UNSAFE_CIPHERS_LIST_CSC/Corsica_adv/trunk/3rdparty/sony/avahi/../../../ti_tools/cgt_a8/arm-2010.09/bin/arm-none-linux-gnueabi-gcc -std=gnu99 -o conftest -I/home/wangtinghu/workspace/CORSICA_20251028_REMOVE_HTTPS_UNSAFE_CIPHERS_LIST_CSC/Corsica_adv/trunk/3rdparty/sony/avahi/opt/wa/include -Wall -W -Wextra -pedantic -pipe -Wformat -Wold-style-definition -Wdeclaration-after-statement -Wfloat-equal -Wmissing-declarations -Wmissing-prototypes -Wstrict-prototypes -Wredundant-decls -Wmissing-noreturn -Wshadow -Wendif-labels -Wpointer-arith -Wbad-function-cast -Wcast-qual -Wcast-align -Wwrite-strings -fdiagnostics-show-option -Wno-cast-qual -fno-strict-aliasing  -static -static-libgcc -L/home/wangtinghu/workspace/CORSICA_20251028_REMOVE_HTTPS_UNSAFE_CIPHERS_LIST_CSC/Corsica_adv/trunk/3rdparty/sony/avahi/opt/wa/lib conftest.c  >&5
conftest.c:110:1: warning: function declaration isn't a prototype [-Wstrict-prototypes]
conftest.c:119:1: warning: function declaration isn't a prototype [-Wstrict-prototypes]
conftest.c: In function 'main':
conftest.c:119:1: warning: old-style function definition [-Wold-style-definition]
configure:14902: $? = 0
configure:14902: result: yes
configure:14929: checking for dlopen in -ldl
configure:14954: /home/wangtinghu/workspace/CORSICA_20251028_REMOVE_HTTPS_UNSAFE_CIPHERS_LIST_CSC/Corsica_adv/trunk/3rdparty/sony/avahi/../../../ti_tools/cgt_a8/arm-2010.09/bin/arm-none-linux-gnueabi-gcc -std=gnu99 -o conftest -I/home/wangtinghu/workspace/CORSICA_20251028_REMOVE_HTTPS_UNSAFE_CIPHERS_LIST_CSC/Corsica_adv/trunk/3rdparty/sony/avahi/opt/wa/include -Wall -W -Wextra -pedantic -pipe -Wformat -Wold-style-definition -Wdeclaration-after-statement -Wfloat-equal -Wmissing-declarations -Wmissing-prototypes -Wstrict-prototypes -Wredundant-decls -Wmissing-noreturn -Wshadow -Wendif-labels -Wpointer-arith -Wbad-function-cast -Wcast-qual -Wcast-align -Wwrite-strings -fdiagnostics-show-option -Wno-cast-qual -fno-strict-aliasing  -static -static-libgcc -L/home/wangtinghu/workspace/CORSICA_20251028_REMOVE_HTTPS_UNSAFE_CIPHERS_LIST_CSC/Corsica_adv/trunk/3rdparty/sony/avahi/opt/wa/lib conftest.c -ldl   >&5
conftest.c:95:1: warning: function declaration isn't a prototype [-Wstrict-prototypes]
conftest.c:97:1: warning: function declaration isn't a prototype [-Wstrict-prototypes]
conftest.c: In function 'main':
conftest.c:97:1: warning: old-style function definition [-Wold-style-definition]
/tmp/ccdjZDhV.o: In function `main':
conftest.c:(.text+0x8): warning: Using 'dlopen' in statically linked applications requires at runtime the shared libraries from the glibc version used for linking
configure:14954: $? = 0
configure:14963: result: yes
configure:14968: checking for dlfcn.h
configure:14968: result: yes
configure:15001: checking sys/inotify.h usability
configure:15001: /home/wangtinghu/workspace/CORSICA_20251028_REMOVE_HTTPS_UNSAFE_CIPHERS_LIST_CSC/Corsica_adv/trunk/3rdparty/sony/avahi/../../../ti_tools/cgt_a8/arm-2010.09/bin/arm-none-linux-gnueabi-gcc -std=gnu99 -c -I/home/wangtinghu/workspace/CORSICA_20251028_REMOVE_HTTPS_UNSAFE_CIPHERS_LIST_CSC/Corsica_adv/trunk/3rdparty/sony/avahi/opt/wa/include -Wall -W -Wextra -pedantic -pipe -Wformat -Wold-style-definition -Wdeclaration-after-statement -Wfloat-equal -Wmissing-declarations -Wmissing-prototypes -Wstrict-prototypes -Wredundant-decls -Wmissing-noreturn -Wshadow -Wendif-labels -Wpointer-arith -Wbad-function-cast -Wcast-qual -Wcast-align -Wwrite-strings -fdiagnostics-show-option -Wno-cast-qual -fno-strict-aliasing  conftest.c >&5
configure:15001: $? = 0
configure:15001: result: yes
configure:15001: checking sys/inotify.h presence
configure:15001: /home/wangtinghu/workspace/CORSICA_20251028_REMOVE_HTTPS_UNSAFE_CIPHERS_LIST_CSC/Corsica_adv/trunk/3rdparty/sony/avahi/../../../ti_tools/cgt_a8/arm-2010.09/bin/arm-none-linux-gnueabi-gcc -std=gnu99 -E  conftest.c
configure:15001: $? = 0
configure:15001: result: yes
configure:15001: checking for sys/inotify.h
configure:15001: result: yes
configure:15030: checking for kqueue
configure:15030: /home/wangtinghu/workspace/CORSICA_20251028_REMOVE_HTTPS_UNSAFE_CIPHERS_LIST_CSC/Corsica_adv/trunk/3rdparty/sony/avahi/../../../ti_tools/cgt_a8/arm-2010.09/bin/arm-none-linux-gnueabi-gcc -std=gnu99 -o conftest -I/home/wangtinghu/workspace/CORSICA_20251028_REMOVE_HTTPS_UNSAFE_CIPHERS_LIST_CSC/Corsica_adv/trunk/3rdparty/sony/avahi/opt/wa/include -Wall -W -Wextra -pedantic -pipe -Wformat -Wold-style-definition -Wdeclaration-after-statement -Wfloat-equal -Wmissing-declarations -Wmissing-prototypes -Wstrict-prototypes -Wredundant-decls -Wmissing-noreturn -Wshadow -Wendif-labels -Wpointer-arith -Wbad-function-cast -Wcast-qual -Wcast-align -Wwrite-strings -fdiagnostics-show-option -Wno-cast-qual -fno-strict-aliasing  -static -static-libgcc -L/home/wangtinghu/workspace/CORSICA_20251028_REMOVE_HTTPS_UNSAFE_CIPHERS_LIST_CSC/Corsica_adv/trunk/3rdparty/sony/avahi/opt/wa/lib conftest.c  >&5
conftest.c:115:1: warning: function declaration isn't a prototype [-Wstrict-prototypes]
conftest.c:124:1: warning: function declaration isn't a prototype [-Wstrict-prototypes]
conftest.c: In function 'main':
conftest.c:124:1: warning: old-style function definition [-Wold-style-definition]
/tmp/ccobz1Y9.o: In function `main':
conftest.c:(.text+0x8): undefined reference to `kqueue'
collect2: ld returned 1 exit status
configure:15030: $? = 1
configure: failed program was:
| /* confdefs.h */
| #define PACKAGE_NAME "avahi"
| #define PACKAGE_TARNAME "avahi"
| #define PACKAGE_VERSION "0.8"
| #define PACKAGE_STRING "avahi 0.8"
| #define PACKAGE_BUGREPORT "avahi (at) lists (dot) freedesktop (dot) org"
| #define PACKAGE_URL ""
| #define PACKAGE "avahi"
| #define VERSION "0.8"
| #define STDC_HEADERS 1
| #define HAVE_SYS_TYPES_H 1
| #define HAVE_SYS_STAT_H 1
| #define HAVE_STDLIB_H 1
| #define HAVE_STRING_H 1
| #define HAVE_MEMORY_H 1
| #define HAVE_STRINGS_H 1
| #define HAVE_INTTYPES_H 1
| #define HAVE_STDINT_H 1
| #define HAVE_UNISTD_H 1
| #define __EXTENSIONS__ 1
| #define _ALL_SOURCE 1
| #define _GNU_SOURCE 1
| #define _POSIX_PTHREAD_SEMANTICS 1
| #define _TANDEM_SOURCE 1
| #define HAVE_DLFCN_H 1
| #define LT_OBJDIR ".libs/"
| #define HAVE_PTHREAD 1
| #define HAVE_NETLINK /**/
| #define HAVE_SYS_SYSCTL_H /**/
| #define HAVE_STRUCT_IP_MREQN /**/
| #define STDC_HEADERS 1
| #define HAVE_ARPA_INET_H 1
| #define HAVE_FCNTL_H 1
| #define HAVE_INTTYPES_H 1
| #define HAVE_LIMITS_H 1
| #define HAVE_NETINET_IN_H 1
| #define HAVE_STDLIB_H 1
| #define HAVE_STRING_H 1
| #define HAVE_SYS_IOCTL_H 1
| #define HAVE_SYS_SOCKET_H 1
| #define HAVE_SYS_TIME_H 1
| #define HAVE_UNISTD_H 1
| #define HAVE_NETDB_H 1
| #define HAVE_SYSLOG_H 1
| #define HAVE__BOOL 1
| #define HAVE_STDBOOL_H 1
| #define TIME_WITH_SYS_TIME 1
| #define HAVE_SYS_WAIT_H 1
| #define HAVE_SYS_SELECT_H 1
| #define HAVE_SYS_SOCKET_H 1
| #define SELECT_TYPE_ARG1 int
| #define SELECT_TYPE_ARG234 (fd_set *)
| #define SELECT_TYPE_ARG5 (struct timeval *)
| #define HAVE_GETHOSTNAME 1
| #define HAVE_MEMCHR 1
| #define HAVE_MEMMOVE 1
| #define HAVE_MEMSET 1
| #define HAVE_MKDIR 1
| #define HAVE_SELECT 1
| #define HAVE_SOCKET 1
| #define HAVE_STRCHR 1
| #define HAVE_STRCSPN 1
| #define HAVE_STRDUP 1
| #define HAVE_STRERROR 1
| #define HAVE_STRRCHR 1
| #define HAVE_STRSPN 1
| #define HAVE_STRSTR 1
| #define HAVE_UNAME 1
| #define HAVE_SETRESUID 1
| #define HAVE_SETREUID 1
| #define HAVE_SETRESGID 1
| #define HAVE_SETREGID 1
| #define HAVE_STRCASECMP 1
| #define HAVE_GETTIMEOFDAY 1
| #define HAVE_PUTENV 1
| #define HAVE_STRNCASECMP 1
| #define HAVE_GETHOSTBYNAME 1
| #define HAVE_SETEUID 1
| #define HAVE_SETEGID 1
| #define HAVE_UNISTD_H 1
| #define HAVE_STAT_EMPTY_STRING_BUG 1
| #define HAVE_DECL_ENVIRON 1
| #define HAVE_GCC_VISIBILITY 1
| #define HAVE_VISIBILITY_HIDDEN /**/
| #define HAVE_SYS_PRCTL_H 1
| #define HAVE_CHROOT 1
| #define HAVE_DLFCN_H 1
| #define HAVE_DLOPEN 1
| #define HAVE_SYS_INOTIFY_H 1
| #define HAVE_INOTIFY 1
| /* end confdefs.h.  */
| /* Define kqueue to an innocuous variant, in case <limits.h> declares kqueue.
|    For example, HP-UX 11i <limits.h> declares gettimeofday.  */
| #define kqueue innocuous_kqueue
| 
| /* System header to define __stub macros and hopefully few prototypes,
|     which can conflict with char kqueue (); below.
|     Prefer <limits.h> to <assert.h> if __STDC__ is defined, since
|     <limits.h> exists even on freestanding compilers.  */
| 
| #ifdef __STDC__
| # include <limits.h>
| #else
| # include <assert.h>
| #endif
| 
| #undef kqueue
| 
| /* Override any GCC internal prototype to avoid an error.
|    Use char because int might match the return type of a GCC
|    builtin and then its argument prototype would still apply.  */
| #ifdef __cplusplus
| extern "C"
| #endif
| char kqueue ();
| /* The GNU C library defines this for functions which it implements
|     to always fail with ENOSYS.  Some functions are actually named
|     something starting with __ and the normal name is an alias.  */
| #if defined __stub_kqueue || defined __stub___kqueue
| choke me
| #endif
| 
| int
| main ()
| {
| return kqueue ();
|   ;
|   return 0;
| }
configure:15030: result: no
configure:15066: checking whether NLS is requested
configure:15075: result: yes
configure:15115: checking for msgfmt
configure: trying /usr/bin/msgfmt...
0 translated messages.
configure:15147: result: /usr/bin/msgfmt
configure:15156: checking for gmsgfmt
configure:15187: result: /usr/bin/msgfmt
configure:15237: checking for xgettext
configure: trying /usr/bin/xgettext...
/usr/bin/xgettext: warning: file '/dev/null' extension '' is unknown; will try C
configure:15269: result: /usr/bin/xgettext
configure:15314: checking for msgmerge
configure: trying /usr/bin/msgmerge...
configure:15345: result: /usr/bin/msgmerge
configure:15403: checking for ld used by /home/wangtinghu/workspace/CORSICA_20251028_REMOVE_HTTPS_UNSAFE_CIPHERS_LIST_CSC/Corsica_adv/trunk/3rdparty/sony/avahi/../../../ti_tools/cgt_a8/arm-2010.09/bin/arm-none-linux-gnueabi-gcc -std=gnu99
configure:15470: result: /home/wangtinghu/workspace/CORSICA_20251028_REMOVE_HTTPS_UNSAFE_CIPHERS_LIST_CSC/Corsica_adv/trunk/ti_tools/cgt_a8/arm-2010.09/arm-none-linux-gnueabi/bin/ld
configure:15477: checking if the linker (/home/wangtinghu/workspace/CORSICA_20251028_REMOVE_HTTPS_UNSAFE_CIPHERS_LIST_CSC/Corsica_adv/trunk/ti_tools/cgt_a8/arm-2010.09/arm-none-linux-gnueabi/bin/ld) is GNU ld
configure:15492: result: yes
configure:15499: checking for shared library run path origin
configure:15512: result: done
configure:16084: checking for CFPreferencesCopyAppValue
configure:16102: /home/wangtinghu/workspace/CORSICA_20251028_REMOVE_HTTPS_UNSAFE_CIPHERS_LIST_CSC/Corsica_adv/trunk/3rdparty/sony/avahi/../../../ti_tools/cgt_a8/arm-2010.09/bin/arm-none-linux-gnueabi-gcc -std=gnu99 -o conftest -I/home/wangtinghu/workspace/CORSICA_20251028_REMOVE_HTTPS_UNSAFE_CIPHERS_LIST_CSC/Corsica_adv/trunk/3rdparty/sony/avahi/opt/wa/include -Wall -W -Wextra -pedantic -pipe -Wformat -Wold-style-definition -Wdeclaration-after-statement -Wfloat-equal -Wmissing-declarations -Wmissing-prototypes -Wstrict-prototypes -Wredundant-decls -Wmissing-noreturn -Wshadow -Wendif-labels -Wpointer-arith -Wbad-function-cast -Wcast-qual -Wcast-align -Wwrite-strings -fdiagnostics-show-option -Wno-cast-qual -fno-strict-aliasing  -static -static-libgcc -L/home/wangtinghu/workspace/CORSICA_20251028_REMOVE_HTTPS_UNSAFE_CIPHERS_LIST_CSC/Corsica_adv/trunk/3rdparty/sony/avahi/opt/wa/lib conftest.c  -Wl,-framework -Wl,CoreFoundation >&5
conftest.c:93:42: fatal error: CoreFoundation/CFPreferences.h: No such file or directory
compilation terminated.
configure:16102: $? = 1
configure: failed program was:
| /* confdefs.h */
| #define PACKAGE_NAME "avahi"
| #define PACKAGE_TARNAME "avahi"
| #define PACKAGE_VERSION "0.8"
| #define PACKAGE_STRING "avahi 0.8"
| #define PACKAGE_BUGREPORT "avahi (at) lists (dot) freedesktop (dot) org"
| #define PACKAGE_URL ""
| #define PACKAGE "avahi"
| #define VERSION "0.8"
| #define STDC_HEADERS 1
| #define HAVE_SYS_TYPES_H 1
| #define HAVE_SYS_STAT_H 1
| #define HAVE_STDLIB_H 1
| #define HAVE_STRING_H 1
| #define HAVE_MEMORY_H 1
| #define HAVE_STRINGS_H 1
| #define HAVE_INTTYPES_H 1
| #define HAVE_STDINT_H 1
| #define HAVE_UNISTD_H 1
| #define __EXTENSIONS__ 1
| #define _ALL_SOURCE 1
| #define _GNU_SOURCE 1
| #define _POSIX_PTHREAD_SEMANTICS 1
| #define _TANDEM_SOURCE 1
| #define HAVE_DLFCN_H 1
| #define LT_OBJDIR ".libs/"
| #define HAVE_PTHREAD 1
| #define HAVE_NETLINK /**/
| #define HAVE_SYS_SYSCTL_H /**/
| #define HAVE_STRUCT_IP_MREQN /**/
| #define STDC_HEADERS 1
| #define HAVE_ARPA_INET_H 1
| #define HAVE_FCNTL_H 1
| #define HAVE_INTTYPES_H 1
| #define HAVE_LIMITS_H 1
| #define HAVE_NETINET_IN_H 1
| #define HAVE_STDLIB_H 1
| #define HAVE_STRING_H 1
| #define HAVE_SYS_IOCTL_H 1
| #define HAVE_SYS_SOCKET_H 1
| #define HAVE_SYS_TIME_H 1
| #define HAVE_UNISTD_H 1
| #define HAVE_NETDB_H 1
| #define HAVE_SYSLOG_H 1
| #define HAVE__BOOL 1
| #define HAVE_STDBOOL_H 1
| #define TIME_WITH_SYS_TIME 1
| #define HAVE_SYS_WAIT_H 1
| #define HAVE_SYS_SELECT_H 1
| #define HAVE_SYS_SOCKET_H 1
| #define SELECT_TYPE_ARG1 int
| #define SELECT_TYPE_ARG234 (fd_set *)
| #define SELECT_TYPE_ARG5 (struct timeval *)
| #define HAVE_GETHOSTNAME 1
| #define HAVE_MEMCHR 1
| #define HAVE_MEMMOVE 1
| #define HAVE_MEMSET 1
| #define HAVE_MKDIR 1
| #define HAVE_SELECT 1
| #define HAVE_SOCKET 1
| #define HAVE_STRCHR 1
| #define HAVE_STRCSPN 1
| #define HAVE_STRDUP 1
| #define HAVE_STRERROR 1
| #define HAVE_STRRCHR 1
| #define HAVE_STRSPN 1
| #define HAVE_STRSTR 1
| #define HAVE_UNAME 1
| #define HAVE_SETRESUID 1
| #define HAVE_SETREUID 1
| #define HAVE_SETRESGID 1
| #define HAVE_SETREGID 1
| #define HAVE_STRCASECMP 1
| #define HAVE_GETTIMEOFDAY 1
| #define HAVE_PUTENV 1
| #define HAVE_STRNCASECMP 1
| #define HAVE_GETHOSTBYNAME 1
| #define HAVE_SETEUID 1
| #define HAVE_SETEGID 1
| #define HAVE_UNISTD_H 1
| #define HAVE_STAT_EMPTY_STRING_BUG 1
| #define HAVE_DECL_ENVIRON 1
| #define HAVE_GCC_VISIBILITY 1
| #define HAVE_VISIBILITY_HIDDEN /**/
| #define HAVE_SYS_PRCTL_H 1
| #define HAVE_CHROOT 1
| #define HAVE_DLFCN_H 1
| #define HAVE_DLOPEN 1
| #define HAVE_SYS_INOTIFY_H 1
| #define HAVE_INOTIFY 1
| #define GETTEXT_PACKAGE "avahi"
| /* end confdefs.h.  */
| #include <CoreFoundation/CFPreferences.h>
| int
| main ()
| {
| CFPreferencesCopyAppValue(NULL, NULL)
|   ;
|   return 0;
| }
configure:16111: result: no
configure:16118: checking for CFLocaleCopyCurrent
configure:16136: /home/wangtinghu/workspace/CORSICA_20251028_REMOVE_HTTPS_UNSAFE_CIPHERS_LIST_CSC/Corsica_adv/trunk/3rdparty/sony/avahi/../../../ti_tools/cgt_a8/arm-2010.09/bin/arm-none-linux-gnueabi-gcc -std=gnu99 -o conftest -I/home/wangtinghu/workspace/CORSICA_20251028_REMOVE_HTTPS_UNSAFE_CIPHERS_LIST_CSC/Corsica_adv/trunk/3rdparty/sony/avahi/opt/wa/include -Wall -W -Wextra -pedantic -pipe -Wformat -Wold-style-definition -Wdeclaration-after-statement -Wfloat-equal -Wmissing-declarations -Wmissing-prototypes -Wstrict-prototypes -Wredundant-decls -Wmissing-noreturn -Wshadow -Wendif-labels -Wpointer-arith -Wbad-function-cast -Wcast-qual -Wcast-align -Wwrite-strings -fdiagnostics-show-option -Wno-cast-qual -fno-strict-aliasing  -static -static-libgcc -L/home/wangtinghu/workspace/CORSICA_20251028_REMOVE_HTTPS_UNSAFE_CIPHERS_LIST_CSC/Corsica_adv/trunk/3rdparty/sony/avahi/opt/wa/lib conftest.c  -Wl,-framework -Wl,CoreFoundation >&5
conftest.c:93:37: fatal error: CoreFoundation/CFLocale.h: No such file or directory
compilation terminated.
configure:16136: $? = 1
configure: failed program was:
| /* confdefs.h */
| #define PACKAGE_NAME "avahi"
| #define PACKAGE_TARNAME "avahi"
| #define PACKAGE_VERSION "0.8"
| #define PACKAGE_STRING "avahi 0.8"
| #define PACKAGE_BUGREPORT "avahi (at) lists (dot) freedesktop (dot) org"
| #define PACKAGE_URL ""
| #define PACKAGE "avahi"
| #define VERSION "0.8"
| #define STDC_HEADERS 1
| #define HAVE_SYS_TYPES_H 1
| #define HAVE_SYS_STAT_H 1
| #define HAVE_STDLIB_H 1
| #define HAVE_STRING_H 1
| #define HAVE_MEMORY_H 1
| #define HAVE_STRINGS_H 1
| #define HAVE_INTTYPES_H 1
| #define HAVE_STDINT_H 1
| #define HAVE_UNISTD_H 1
| #define __EXTENSIONS__ 1
| #define _ALL_SOURCE 1
| #define _GNU_SOURCE 1
| #define _POSIX_PTHREAD_SEMANTICS 1
| #define _TANDEM_SOURCE 1
| #define HAVE_DLFCN_H 1
| #define LT_OBJDIR ".libs/"
| #define HAVE_PTHREAD 1
| #define HAVE_NETLINK /**/
| #define HAVE_SYS_SYSCTL_H /**/
| #define HAVE_STRUCT_IP_MREQN /**/
| #define STDC_HEADERS 1
| #define HAVE_ARPA_INET_H 1
| #define HAVE_FCNTL_H 1
| #define HAVE_INTTYPES_H 1
| #define HAVE_LIMITS_H 1
| #define HAVE_NETINET_IN_H 1
| #define HAVE_STDLIB_H 1
| #define HAVE_STRING_H 1
| #define HAVE_SYS_IOCTL_H 1
| #define HAVE_SYS_SOCKET_H 1
| #define HAVE_SYS_TIME_H 1
| #define HAVE_UNISTD_H 1
| #define HAVE_NETDB_H 1
| #define HAVE_SYSLOG_H 1
| #define HAVE__BOOL 1
| #define HAVE_STDBOOL_H 1
| #define TIME_WITH_SYS_TIME 1
| #define HAVE_SYS_WAIT_H 1
| #define HAVE_SYS_SELECT_H 1
| #define HAVE_SYS_SOCKET_H 1
| #define SELECT_TYPE_ARG1 int
| #define SELECT_TYPE_ARG234 (fd_set *)
| #define SELECT_TYPE_ARG5 (struct timeval *)
| #define HAVE_GETHOSTNAME 1
| #define HAVE_MEMCHR 1
| #define HAVE_MEMMOVE 1
| #define HAVE_MEMSET 1
| #define HAVE_MKDIR 1
| #define HAVE_SELECT 1
| #define HAVE_SOCKET 1
| #define HAVE_STRCHR 1
| #define HAVE_STRCSPN 1
| #define HAVE_STRDUP 1
| #define HAVE_STRERROR 1
| #define HAVE_STRRCHR 1
| #define HAVE_STRSPN 1
| #define HAVE_STRSTR 1
| #define HAVE_UNAME 1
| #define HAVE_SETRESUID 1
| #define HAVE_SETREUID 1
| #define HAVE_SETRESGID 1
| #define HAVE_SETREGID 1
| #define HAVE_STRCASECMP 1
| #define HAVE_GETTIMEOFDAY 1
| #define HAVE_PUTENV 1
| #define HAVE_STRNCASECMP 1
| #define HAVE_GETHOSTBYNAME 1
| #define HAVE_SETEUID 1
| #define HAVE_SETEGID 1
| #define HAVE_UNISTD_H 1
| #define HAVE_STAT_EMPTY_STRING_BUG 1
| #define HAVE_DECL_ENVIRON 1
| #define HAVE_GCC_VISIBILITY 1
| #define HAVE_VISIBILITY_HIDDEN /**/
| #define HAVE_SYS_PRCTL_H 1
| #define HAVE_CHROOT 1
| #define HAVE_DLFCN_H 1
| #define HAVE_DLOPEN 1
| #define HAVE_SYS_INOTIFY_H 1
| #define HAVE_INOTIFY 1
| #define GETTEXT_PACKAGE "avahi"
| /* end confdefs.h.  */
| #include <CoreFoundation/CFLocale.h>
| int
| main ()
| {
| CFLocaleCopyCurrent();
|   ;
|   return 0;
| }
configure:16145: result: no
configure:16194: checking for GNU gettext in libc
configure:16223: /home/wangtinghu/workspace/CORSICA_20251028_REMOVE_HTTPS_UNSAFE_CIPHERS_LIST_CSC/Corsica_adv/trunk/3rdparty/sony/avahi/../../../ti_tools/cgt_a8/arm-2010.09/bin/arm-none-linux-gnueabi-gcc -std=gnu99 -o conftest -I/home/wangtinghu/workspace/CORSICA_20251028_REMOVE_HTTPS_UNSAFE_CIPHERS_LIST_CSC/Corsica_adv/trunk/3rdparty/sony/avahi/opt/wa/include -Wall -W -Wextra -pedantic -pipe -Wformat -Wold-style-definition -Wdeclaration-after-statement -Wfloat-equal -Wmissing-declarations -Wmissing-prototypes -Wstrict-prototypes -Wredundant-decls -Wmissing-noreturn -Wshadow -Wendif-labels -Wpointer-arith -Wbad-function-cast -Wcast-qual -Wcast-align -Wwrite-strings -fdiagnostics-show-option -Wno-cast-qual -fno-strict-aliasing  -static -static-libgcc -L/home/wangtinghu/workspace/CORSICA_20251028_REMOVE_HTTPS_UNSAFE_CIPHERS_LIST_CSC/Corsica_adv/trunk/3rdparty/sony/avahi/opt/wa/lib conftest.c  >&5
conftest.c:105:1: warning: function declaration isn't a prototype [-Wstrict-prototypes]
conftest.c: In function 'main':
conftest.c:105:1: warning: old-style function definition [-Wold-style-definition]
configure:16223: $? = 0
configure:16232: result: yes
configure:17079: checking whether to use NLS
configure:17081: result: yes
configure:17084: checking where the gettext function comes from
configure:17095: result: libc
configure:17160: checking for pkg-config
configure:17176: found /usr/bin/pkg-config
configure:17188: result: yes
configure:17212: checking for arm-none-linux-gnueabi-pkg-config
configure:17245: result: no
configure:17255: checking for pkg-config
configure:17273: found /usr/bin/pkg-config
configure:17285: result: /usr/bin/pkg-config
configure:17310: checking pkg-config is at least version 0.9.0
configure:17313: result: yes
configure:17574: checking for gobject-introspection
configure:17605: $PKG_CONFIG --exists --print-errors "gobject-introspection-1.0 >= 0.9.5"
Package gobject-introspection-1.0 was not found in the pkg-config search path.
Perhaps you should add the directory containing `gobject-introspection-1.0.pc'
to the PKG_CONFIG_PATH environment variable
No package 'gobject-introspection-1.0' found
configure:17608: $? = 1
configure:17619: result: no
configure:18816: checking for XML_ParserCreate in -lexpat
configure:18841: /home/wangtinghu/workspace/CORSICA_20251028_REMOVE_HTTPS_UNSAFE_CIPHERS_LIST_CSC/Corsica_adv/trunk/3rdparty/sony/avahi/../../../ti_tools/cgt_a8/arm-2010.09/bin/arm-none-linux-gnueabi-gcc -std=gnu99 -o conftest -I/home/wangtinghu/workspace/CORSICA_20251028_REMOVE_HTTPS_UNSAFE_CIPHERS_LIST_CSC/Corsica_adv/trunk/3rdparty/sony/avahi/opt/wa/include -Wall -W -Wextra -pedantic -pipe -Wformat -Wold-style-definition -Wdeclaration-after-statement -Wfloat-equal -Wmissing-declarations -Wmissing-prototypes -Wstrict-prototypes -Wredundant-decls -Wmissing-noreturn -Wshadow -Wendif-labels -Wpointer-arith -Wbad-function-cast -Wcast-qual -Wcast-align -Wwrite-strings -fdiagnostics-show-option -Wno-cast-qual -fno-strict-aliasing  -static -static-libgcc -L/home/wangtinghu/workspace/CORSICA_20251028_REMOVE_HTTPS_UNSAFE_CIPHERS_LIST_CSC/Corsica_adv/trunk/3rdparty/sony/avahi/opt/wa/lib conftest.c -lexpat   >&5
conftest.c:103:1: warning: function declaration isn't a prototype [-Wstrict-prototypes]
conftest.c:105:1: warning: function declaration isn't a prototype [-Wstrict-prototypes]
conftest.c: In function 'main':
conftest.c:105:1: warning: old-style function definition [-Wold-style-definition]
configure:18841: $? = 0
configure:18850: result: yes
configure:18855: checking expat.h usability
configure:18855: /home/wangtinghu/workspace/CORSICA_20251028_REMOVE_HTTPS_UNSAFE_CIPHERS_LIST_CSC/Corsica_adv/trunk/3rdparty/sony/avahi/../../../ti_tools/cgt_a8/arm-2010.09/bin/arm-none-linux-gnueabi-gcc -std=gnu99 -c -I/home/wangtinghu/workspace/CORSICA_20251028_REMOVE_HTTPS_UNSAFE_CIPHERS_LIST_CSC/Corsica_adv/trunk/3rdparty/sony/avahi/opt/wa/include -Wall -W -Wextra -pedantic -pipe -Wformat -Wold-style-definition -Wdeclaration-after-statement -Wfloat-equal -Wmissing-declarations -Wmissing-prototypes -Wstrict-prototypes -Wredundant-decls -Wmissing-noreturn -Wshadow -Wendif-labels -Wpointer-arith -Wbad-function-cast -Wcast-qual -Wcast-align -Wwrite-strings -fdiagnostics-show-option -Wno-cast-qual -fno-strict-aliasing  conftest.c >&5
configure:18855: $? = 0
configure:18855: result: yes
configure:18855: checking expat.h presence
configure:18855: /home/wangtinghu/workspace/CORSICA_20251028_REMOVE_HTTPS_UNSAFE_CIPHERS_LIST_CSC/Corsica_adv/trunk/3rdparty/sony/avahi/../../../ti_tools/cgt_a8/arm-2010.09/bin/arm-none-linux-gnueabi-gcc -std=gnu99 -E  conftest.c
conftest.c:96:19: fatal error: expat.h: No such file or directory
compilation terminated.
configure:18855: $? = 1
configure: failed program was:
| /* confdefs.h */
| #define PACKAGE_NAME "avahi"
| #define PACKAGE_TARNAME "avahi"
| #define PACKAGE_VERSION "0.8"
| #define PACKAGE_STRING "avahi 0.8"
| #define PACKAGE_BUGREPORT "avahi (at) lists (dot) freedesktop (dot) org"
| #define PACKAGE_URL ""
| #define PACKAGE "avahi"
| #define VERSION "0.8"
| #define STDC_HEADERS 1
| #define HAVE_SYS_TYPES_H 1
| #define HAVE_SYS_STAT_H 1
| #define HAVE_STDLIB_H 1
| #define HAVE_STRING_H 1
| #define HAVE_MEMORY_H 1
| #define HAVE_STRINGS_H 1
| #define HAVE_INTTYPES_H 1
| #define HAVE_STDINT_H 1
| #define HAVE_UNISTD_H 1
| #define __EXTENSIONS__ 1
| #define _ALL_SOURCE 1
| #define _GNU_SOURCE 1
| #define _POSIX_PTHREAD_SEMANTICS 1
| #define _TANDEM_SOURCE 1
| #define HAVE_DLFCN_H 1
| #define LT_OBJDIR ".libs/"
| #define HAVE_PTHREAD 1
| #define HAVE_NETLINK /**/
| #define HAVE_SYS_SYSCTL_H /**/
| #define HAVE_STRUCT_IP_MREQN /**/
| #define STDC_HEADERS 1
| #define HAVE_ARPA_INET_H 1
| #define HAVE_FCNTL_H 1
| #define HAVE_INTTYPES_H 1
| #define HAVE_LIMITS_H 1
| #define HAVE_NETINET_IN_H 1
| #define HAVE_STDLIB_H 1
| #define HAVE_STRING_H 1
| #define HAVE_SYS_IOCTL_H 1
| #define HAVE_SYS_SOCKET_H 1
| #define HAVE_SYS_TIME_H 1
| #define HAVE_UNISTD_H 1
| #define HAVE_NETDB_H 1
| #define HAVE_SYSLOG_H 1
| #define HAVE__BOOL 1
| #define HAVE_STDBOOL_H 1
| #define TIME_WITH_SYS_TIME 1
| #define HAVE_SYS_WAIT_H 1
| #define HAVE_SYS_SELECT_H 1
| #define HAVE_SYS_SOCKET_H 1
| #define SELECT_TYPE_ARG1 int
| #define SELECT_TYPE_ARG234 (fd_set *)
| #define SELECT_TYPE_ARG5 (struct timeval *)
| #define HAVE_GETHOSTNAME 1
| #define HAVE_MEMCHR 1
| #define HAVE_MEMMOVE 1
| #define HAVE_MEMSET 1
| #define HAVE_MKDIR 1
| #define HAVE_SELECT 1
| #define HAVE_SOCKET 1
| #define HAVE_STRCHR 1
| #define HAVE_STRCSPN 1
| #define HAVE_STRDUP 1
| #define HAVE_STRERROR 1
| #define HAVE_STRRCHR 1
| #define HAVE_STRSPN 1
| #define HAVE_STRSTR 1
| #define HAVE_UNAME 1
| #define HAVE_SETRESUID 1
| #define HAVE_SETREUID 1
| #define HAVE_SETRESGID 1
| #define HAVE_SETREGID 1
| #define HAVE_STRCASECMP 1
| #define HAVE_GETTIMEOFDAY 1
| #define HAVE_PUTENV 1
| #define HAVE_STRNCASECMP 1
| #define HAVE_GETHOSTBYNAME 1
| #define HAVE_SETEUID 1
| #define HAVE_SETEGID 1
| #define HAVE_UNISTD_H 1
| #define HAVE_STAT_EMPTY_STRING_BUG 1
| #define HAVE_DECL_ENVIRON 1
| #define HAVE_GCC_VISIBILITY 1
| #define HAVE_VISIBILITY_HIDDEN /**/
| #define HAVE_SYS_PRCTL_H 1
| #define HAVE_CHROOT 1
| #define HAVE_DLFCN_H 1
| #define HAVE_DLOPEN 1
| #define HAVE_SYS_INOTIFY_H 1
| #define HAVE_INOTIFY 1
| #define GETTEXT_PACKAGE "avahi"
| #define ENABLE_NLS 1
| #define HAVE_GETTEXT 1
| #define HAVE_DCGETTEXT 1
| /* end confdefs.h.  */
| #include <expat.h>
configure:18855: result: no
configure:18855: WARNING: expat.h: accepted by the compiler, rejected by the preprocessor!
configure:18855: WARNING: expat.h: proceeding with the compiler's result
configure:18855: checking for expat.h
configure:18855: result: yes
configure:18871: checking for XML_ParserCreate in -lbsdxml
configure:18896: /home/wangtinghu/workspace/CORSICA_20251028_REMOVE_HTTPS_UNSAFE_CIPHERS_LIST_CSC/Corsica_adv/trunk/3rdparty/sony/avahi/../../../ti_tools/cgt_a8/arm-2010.09/bin/arm-none-linux-gnueabi-gcc -std=gnu99 -o conftest -I/home/wangtinghu/workspace/CORSICA_20251028_REMOVE_HTTPS_UNSAFE_CIPHERS_LIST_CSC/Corsica_adv/trunk/3rdparty/sony/avahi/opt/wa/include -Wall -W -Wextra -pedantic -pipe -Wformat -Wold-style-definition -Wdeclaration-after-statement -Wfloat-equal -Wmissing-declarations -Wmissing-prototypes -Wstrict-prototypes -Wredundant-decls -Wmissing-noreturn -Wshadow -Wendif-labels -Wpointer-arith -Wbad-function-cast -Wcast-qual -Wcast-align -Wwrite-strings -fdiagnostics-show-option -Wno-cast-qual -fno-strict-aliasing  -static -static-libgcc -L/home/wangtinghu/workspace/CORSICA_20251028_REMOVE_HTTPS_UNSAFE_CIPHERS_LIST_CSC/Corsica_adv/trunk/3rdparty/sony/avahi/opt/wa/lib conftest.c -lbsdxml   >&5
conftest.c:104:1: warning: function declaration isn't a prototype [-Wstrict-prototypes]
conftest.c:106:1: warning: function declaration isn't a prototype [-Wstrict-prototypes]
conftest.c: In function 'main':
conftest.c:106:1: warning: old-style function definition [-Wold-style-definition]
/home/wangtinghu/workspace/CORSICA_20251028_REMOVE_HTTPS_UNSAFE_CIPHERS_LIST_CSC/Corsica_adv/trunk/ti_tools/cgt_a8/arm-2010.09/bin/../lib/gcc/arm-none-linux-gnueabi/4.5.1/../../../../arm-none-linux-gnueabi/bin/ld: cannot find -lbsdxml
collect2: ld returned 1 exit status
configure:18896: $? = 1
configure: failed program was:
| /* confdefs.h */
| #define PACKAGE_NAME "avahi"
| #define PACKAGE_TARNAME "avahi"
| #define PACKAGE_VERSION "0.8"
| #define PACKAGE_STRING "avahi 0.8"
| #define PACKAGE_BUGREPORT "avahi (at) lists (dot) freedesktop (dot) org"
| #define PACKAGE_URL ""
| #define PACKAGE "avahi"
| #define VERSION "0.8"
| #define STDC_HEADERS 1
| #define HAVE_SYS_TYPES_H 1
| #define HAVE_SYS_STAT_H 1
| #define HAVE_STDLIB_H 1
| #define HAVE_STRING_H 1
| #define HAVE_MEMORY_H 1
| #define HAVE_STRINGS_H 1
| #define HAVE_INTTYPES_H 1
| #define HAVE_STDINT_H 1
| #define HAVE_UNISTD_H 1
| #define __EXTENSIONS__ 1
| #define _ALL_SOURCE 1
| #define _GNU_SOURCE 1
| #define _POSIX_PTHREAD_SEMANTICS 1
| #define _TANDEM_SOURCE 1
| #define HAVE_DLFCN_H 1
| #define LT_OBJDIR ".libs/"
| #define HAVE_PTHREAD 1
| #define HAVE_NETLINK /**/
| #define HAVE_SYS_SYSCTL_H /**/
| #define HAVE_STRUCT_IP_MREQN /**/
| #define STDC_HEADERS 1
| #define HAVE_ARPA_INET_H 1
| #define HAVE_FCNTL_H 1
| #define HAVE_INTTYPES_H 1
| #define HAVE_LIMITS_H 1
| #define HAVE_NETINET_IN_H 1
| #define HAVE_STDLIB_H 1
| #define HAVE_STRING_H 1
| #define HAVE_SYS_IOCTL_H 1
| #define HAVE_SYS_SOCKET_H 1
| #define HAVE_SYS_TIME_H 1
| #define HAVE_UNISTD_H 1
| #define HAVE_NETDB_H 1
| #define HAVE_SYSLOG_H 1
| #define HAVE__BOOL 1
| #define HAVE_STDBOOL_H 1
| #define TIME_WITH_SYS_TIME 1
| #define HAVE_SYS_WAIT_H 1
| #define HAVE_SYS_SELECT_H 1
| #define HAVE_SYS_SOCKET_H 1
| #define SELECT_TYPE_ARG1 int
| #define SELECT_TYPE_ARG234 (fd_set *)
| #define SELECT_TYPE_ARG5 (struct timeval *)
| #define HAVE_GETHOSTNAME 1
| #define HAVE_MEMCHR 1
| #define HAVE_MEMMOVE 1
| #define HAVE_MEMSET 1
| #define HAVE_MKDIR 1
| #define HAVE_SELECT 1
| #define HAVE_SOCKET 1
| #define HAVE_STRCHR 1
| #define HAVE_STRCSPN 1
| #define HAVE_STRDUP 1
| #define HAVE_STRERROR 1
| #define HAVE_STRRCHR 1
| #define HAVE_STRSPN 1
| #define HAVE_STRSTR 1
| #define HAVE_UNAME 1
| #define HAVE_SETRESUID 1
| #define HAVE_SETREUID 1
| #define HAVE_SETRESGID 1
| #define HAVE_SETREGID 1
| #define HAVE_STRCASECMP 1
| #define HAVE_GETTIMEOFDAY 1
| #define HAVE_PUTENV 1
| #define HAVE_STRNCASECMP 1
| #define HAVE_GETHOSTBYNAME 1
| #define HAVE_SETEUID 1
| #define HAVE_SETEGID 1
| #define HAVE_UNISTD_H 1
| #define HAVE_STAT_EMPTY_STRING_BUG 1
| #define HAVE_DECL_ENVIRON 1
| #define HAVE_GCC_VISIBILITY 1
| #define HAVE_VISIBILITY_HIDDEN /**/
| #define HAVE_SYS_PRCTL_H 1
| #define HAVE_CHROOT 1
| #define HAVE_DLFCN_H 1
| #define HAVE_DLOPEN 1
| #define HAVE_SYS_INOTIFY_H 1
| #define HAVE_INOTIFY 1
| #define GETTEXT_PACKAGE "avahi"
| #define ENABLE_NLS 1
| #define HAVE_GETTEXT 1
| #define HAVE_DCGETTEXT 1
| #define HAVE_EXPAT_H 1
| /* end confdefs.h.  */
| 
| /* Override any GCC internal prototype to avoid an error.
|    Use char because int might match the return type of a GCC
|    builtin and then its argument prototype would still apply.  */
| #ifdef __cplusplus
| extern "C"
| #endif
| char XML_ParserCreate ();
| int
| main ()
| {
| return XML_ParserCreate ();
|   ;
|   return 0;
| }
configure:18905: result: no
configure:19133: checking for LIBDAEMON
configure:19140: $PKG_CONFIG --exists --print-errors " libdaemon >= 0.14 "
configure:19143: $? = 0
configure:19157: $PKG_CONFIG --exists --print-errors " libdaemon >= 0.14 "
configure:19160: $? = 0
configure:19218: result: yes
configure:20315: checking for arm-none-linux-gnueabi-doxygen
configure:20348: result: no
configure:20358: checking for doxygen
configure:20391: result: no
configure:20411: WARNING: doxygen not found - will not generate any doxygen documentation
configure:20421: checking for arm-none-linux-gnueabi-perl
configure:20454: result: no
configure:20464: checking for perl
configure:20482: found /usr/bin/perl
configure:20494: result: /usr/bin/perl
configure:22232: checking for xmltoman
configure:22260: result: no
configure:22275: WARNING: *** Not rebuilding man pages as xmltoman is not found ***
configure:22497: checking that generated files are newer than configure
configure:22503: result: done
configure:22806: creating ./config.status

## ---------------- ##
## Cache variables. ##
## ---------------- ##

ac_cv_build=i686-pc-linux-gnu
ac_cv_c_compiler_gnu=yes
ac_cv_c_const=yes
ac_cv_cxx_compiler_gnu=yes
ac_cv_env_CCC_set=
ac_cv_env_CCC_value=
ac_cv_env_CC_set=set
ac_cv_env_CC_value=/home/wangtinghu/workspace/CORSICA_20251028_REMOVE_HTTPS_UNSAFE_CIPHERS_LIST_CSC/Corsica_adv/trunk/3rdparty/sony/avahi/../../../ti_tools/cgt_a8/arm-2010.09/bin/arm-none-linux-gnueabi-gcc
ac_cv_env_CFLAGS_set=set
ac_cv_env_CFLAGS_value=-I/home/wangtinghu/workspace/CORSICA_20251028_REMOVE_HTTPS_UNSAFE_CIPHERS_LIST_CSC/Corsica_adv/trunk/3rdparty/sony/avahi/opt/wa/include
ac_cv_env_CPPFLAGS_set=
ac_cv_env_CPPFLAGS_value=
ac_cv_env_CPP_set=
ac_cv_env_CPP_value=
ac_cv_env_CXXCPP_set=
ac_cv_env_CXXCPP_value=
ac_cv_env_CXXFLAGS_set=
ac_cv_env_CXXFLAGS_value=
ac_cv_env_CXX_set=
ac_cv_env_CXX_value=
ac_cv_env_DBUS_CFLAGS_set=
ac_cv_env_DBUS_CFLAGS_value=
ac_cv_env_DBUS_LIBS_set=
ac_cv_env_DBUS_LIBS_value=
ac_cv_env_DOXYGEN_PAPER_SIZE_set=
ac_cv_env_DOXYGEN_PAPER_SIZE_value=
ac_cv_env_GLIB20_CFLAGS_set=
ac_cv_env_GLIB20_CFLAGS_value=
ac_cv_env_GLIB20_LIBS_set=
ac_cv_env_GLIB20_LIBS_value=
ac_cv_env_GOBJECT_CFLAGS_set=
ac_cv_env_GOBJECT_CFLAGS_value=
ac_cv_env_GOBJECT_LIBS_set=
ac_cv_env_GOBJECT_LIBS_value=
ac_cv_env_GTK20_CFLAGS_set=
ac_cv_env_GTK20_CFLAGS_value=
ac_cv_env_GTK20_LIBS_set=
ac_cv_env_GTK20_LIBS_value=
ac_cv_env_GTK30_CFLAGS_set=
ac_cv_env_GTK30_CFLAGS_value=
ac_cv_env_GTK30_LIBS_set=
ac_cv_env_GTK30_LIBS_value=
ac_cv_env_LDFLAGS_set=set
ac_cv_env_LDFLAGS_value='-static -static-libgcc -L/home/wangtinghu/workspace/CORSICA_20251028_REMOVE_HTTPS_UNSAFE_CIPHERS_LIST_CSC/Corsica_adv/trunk/3rdparty/sony/avahi/opt/wa/lib'
ac_cv_env_LIBDAEMON_CFLAGS_set=
ac_cv_env_LIBDAEMON_CFLAGS_value=
ac_cv_env_LIBDAEMON_LIBS_set=
ac_cv_env_LIBDAEMON_LIBS_value=
ac_cv_env_LIBEVENT_CFLAGS_set=
ac_cv_env_LIBEVENT_CFLAGS_value=
ac_cv_env_LIBEVENT_LIBS_set=
ac_cv_env_LIBEVENT_LIBS_value=
ac_cv_env_LIBS_set=
ac_cv_env_LIBS_value=
ac_cv_env_LT_SYS_LIBRARY_PATH_set=
ac_cv_env_LT_SYS_LIBRARY_PATH_value=
ac_cv_env_MONODOC_CFLAGS_set=
ac_cv_env_MONODOC_CFLAGS_value=
ac_cv_env_MONODOC_LIBS_set=
ac_cv_env_MONODOC_LIBS_value=
ac_cv_env_PKG_CONFIG_LIBDIR_set=
ac_cv_env_PKG_CONFIG_LIBDIR_value=
ac_cv_env_PKG_CONFIG_PATH_set=set
ac_cv_env_PKG_CONFIG_PATH_value=/home/wangtinghu/workspace/CORSICA_20251028_REMOVE_HTTPS_UNSAFE_CIPHERS_LIST_CSC/Corsica_adv/trunk/3rdparty/sony/avahi/opt/wa/lib/pkgconfig
ac_cv_env_PKG_CONFIG_set=
ac_cv_env_PKG_CONFIG_value=
ac_cv_env_PYGOBJECT_CFLAGS_set=
ac_cv_env_PYGOBJECT_CFLAGS_value=
ac_cv_env_PYGOBJECT_LIBS_set=
ac_cv_env_PYGOBJECT_LIBS_value=
ac_cv_env_PYTHON_set=
ac_cv_env_PYTHON_value=
ac_cv_env_QT3_CFLAGS_set=
ac_cv_env_QT3_CFLAGS_value=
ac_cv_env_QT3_LIBS_set=
ac_cv_env_QT3_LIBS_value=
ac_cv_env_QT4_CFLAGS_set=
ac_cv_env_QT4_CFLAGS_value=
ac_cv_env_QT4_LIBS_set=
ac_cv_env_QT4_LIBS_value=
ac_cv_env_QT5_CFLAGS_set=
ac_cv_env_QT5_CFLAGS_value=
ac_cv_env_QT5_LIBS_set=
ac_cv_env_QT5_LIBS_value=
ac_cv_env_build_alias_set=set
ac_cv_env_build_alias_value=i686-linux
ac_cv_env_host_alias_set=set
ac_cv_env_host_alias_value=arm-none-linux-gnueabi
ac_cv_env_target_alias_set=set
ac_cv_env_target_alias_value=arm-none-linux-gnueabi
ac_cv_func_chown_works=no
ac_cv_func_chroot=yes
ac_cv_func_gethostbyname=yes
ac_cv_func_gethostname=yes
ac_cv_func_getprogname=no
ac_cv_func_getrandom=no
ac_cv_func_gettimeofday=yes
ac_cv_func_kqueue=no
ac_cv_func_lstat_dereferences_slashed_symlink=no
ac_cv_func_memchr=yes
ac_cv_func_memcmp_working=no
ac_cv_func_memmove=yes
ac_cv_func_memset=yes
ac_cv_func_mkdir=yes
ac_cv_func_putenv=yes
ac_cv_func_select=yes
ac_cv_func_select_args='int,fd_set *,struct timeval *'
ac_cv_func_setegid=yes
ac_cv_func_seteuid=yes
ac_cv_func_setproctitle=no
ac_cv_func_setregid=yes
ac_cv_func_setresgid=yes
ac_cv_func_setresuid=yes
ac_cv_func_setreuid=yes
ac_cv_func_socket=yes
ac_cv_func_stat_empty_string_bug=yes
ac_cv_func_strcasecmp=yes
ac_cv_func_strchr=yes
ac_cv_func_strcspn=yes
ac_cv_func_strdup=yes
ac_cv_func_strerror=yes
ac_cv_func_strlcpy=no
ac_cv_func_strncasecmp=yes
ac_cv_func_strrchr=yes
ac_cv_func_strspn=yes
ac_cv_func_strstr=yes
ac_cv_func_uname=yes
ac_cv_have_decl_CMSG_SPACE=yes
ac_cv_have_decl_environ=yes
ac_cv_header_arpa_inet_h=yes
ac_cv_header_dlfcn_h=yes
ac_cv_header_expat_h=yes
ac_cv_header_fcntl_h=yes
ac_cv_header_inttypes_h=yes
ac_cv_header_limits_h=yes
ac_cv_header_linux_netlink_h=yes
ac_cv_header_memory_h=yes
ac_cv_header_minix_config_h=no
ac_cv_header_net_route_h=no
ac_cv_header_netdb_h=yes
ac_cv_header_netinet_in_h=yes
ac_cv_header_stdbool_h=yes
ac_cv_header_stdc=yes
ac_cv_header_stdint_h=yes
ac_cv_header_stdlib_h=yes
ac_cv_header_string_h=yes
ac_cv_header_strings_h=yes
ac_cv_header_sys_capability_h=no
ac_cv_header_sys_filio_h=no
ac_cv_header_sys_inotify_h=yes
ac_cv_header_sys_ioctl_h=yes
ac_cv_header_sys_prctl_h=yes
ac_cv_header_sys_random_h=no
ac_cv_header_sys_select_h=yes
ac_cv_header_sys_socket_h=yes
ac_cv_header_sys_stat_h=yes
ac_cv_header_sys_sysctl_h=yes
ac_cv_header_sys_time_h=yes
ac_cv_header_sys_types_h=yes
ac_cv_header_sys_wait_h=yes
ac_cv_header_syslog_h=yes
ac_cv_header_time=yes
ac_cv_header_unistd_h=yes
ac_cv_host=arm-none-linux-gnueabi
ac_cv_lib_bsdxml_XML_ParserCreate=no
ac_cv_lib_dl_dlopen=yes
ac_cv_lib_expat_XML_ParserCreate=yes
ac_cv_objext=o
ac_cv_path_EGREP='/bin/grep -E'
ac_cv_path_FGREP='/bin/grep -F'
ac_cv_path_GMSGFMT=/usr/bin/msgfmt
ac_cv_path_GREP=/bin/grep
ac_cv_path_MSGFMT=/usr/bin/msgfmt
ac_cv_path_MSGMERGE=/usr/bin/msgmerge
ac_cv_path_SED=/bin/sed
ac_cv_path_XGETTEXT=/usr/bin/xgettext
ac_cv_path_ac_pt_DX_PERL=/usr/bin/perl
ac_cv_path_ac_pt_PKG_CONFIG=/usr/bin/pkg-config
ac_cv_path_install='/usr/bin/install -c'
ac_cv_path_lt_DD=/bin/dd
ac_cv_path_mkdir=/bin/mkdir
ac_cv_prog_AR=arm-none-linux-gnueabi-ar
ac_cv_prog_AWK=gawk
ac_cv_prog_CC=/home/wangtinghu/workspace/CORSICA_20251028_REMOVE_HTTPS_UNSAFE_CIPHERS_LIST_CSC/Corsica_adv/trunk/3rdparty/sony/avahi/../../../ti_tools/cgt_a8/arm-2010.09/bin/arm-none-linux-gnueabi-gcc
ac_cv_prog_CPP='/home/wangtinghu/workspace/CORSICA_20251028_REMOVE_HTTPS_UNSAFE_CIPHERS_LIST_CSC/Corsica_adv/trunk/3rdparty/sony/avahi/../../../ti_tools/cgt_a8/arm-2010.09/bin/arm-none-linux-gnueabi-gcc -std=gnu99 -E'
ac_cv_prog_CXX=arm-none-linux-gnueabi-g++
ac_cv_prog_CXXCPP='arm-none-linux-gnueabi-g++ -E'
ac_cv_prog_OBJDUMP=arm-none-linux-gnueabi-objdump
ac_cv_prog_RANLIB=arm-none-linux-gnueabi-ranlib
ac_cv_prog_STOW=no
ac_cv_prog_STRIP=arm-none-linux-gnueabi-strip
ac_cv_prog_ac_ct_MANIFEST_TOOL=mt
ac_cv_prog_cc_c89=
ac_cv_prog_cc_c99=-std=gnu99
ac_cv_prog_cc_g=yes
ac_cv_prog_cxx_g=yes
ac_cv_prog_gcc_traditional=no
ac_cv_prog_have_pkg_config=yes
ac_cv_prog_have_xmltoman=no
ac_cv_prog_make_make_set=yes
ac_cv_safe_to_define___extensions__=yes
ac_cv_search_inet_ntop='none required'
ac_cv_search_recv='none required'
ac_cv_type__Bool=yes
ac_cv_type_mode_t=yes
ac_cv_type_pid_t=yes
ac_cv_type_size_t=yes
ac_cv_type_uid_t=yes
acl_cv_hardcode_direct=no
acl_cv_hardcode_libdir_flag_spec='${wl}-rpath ${wl}$libdir'
acl_cv_hardcode_libdir_separator=
acl_cv_hardcode_minus_L=no
acl_cv_libext=a
acl_cv_libname_spec='lib$name'
acl_cv_library_names_spec='$libname$shrext'
acl_cv_path_LD=/home/wangtinghu/workspace/CORSICA_20251028_REMOVE_HTTPS_UNSAFE_CIPHERS_LIST_CSC/Corsica_adv/trunk/ti_tools/cgt_a8/arm-2010.09/arm-none-linux-gnueabi/bin/ld
acl_cv_prog_gnu_ld=yes
acl_cv_rpath=done
acl_cv_shlibext=so
acl_cv_wl=-Wl,
am_cv_CC_dependencies_compiler_type=gcc3
am_cv_CXX_dependencies_compiler_type=gcc3
am_cv_make_support_nested_variables=yes
am_cv_prog_cc_c_o=yes
am_cv_prog_tar_pax=gnutar
avahi_cv_has_struct_lifconf=no
avahi_cv_sys_cxx_works=yes
gt_cv_func_CFLocaleCopyCurrent=no
gt_cv_func_CFPreferencesCopyAppValue=no
gt_cv_func_gnugettext1_libc=yes
lt_cv_ar_at_file=@
lt_cv_deplibs_check_method=pass_all
lt_cv_file_magic_cmd='$MAGIC_CMD'
lt_cv_file_magic_test_file=
lt_cv_ld_reload_flag=-r
lt_cv_nm_interface='BSD nm'
lt_cv_objdir=.libs
lt_cv_path_LD=/home/wangtinghu/workspace/CORSICA_20251028_REMOVE_HTTPS_UNSAFE_CIPHERS_LIST_CSC/Corsica_adv/trunk/ti_tools/cgt_a8/arm-2010.09/arm-none-linux-gnueabi/bin/ld
lt_cv_path_LDCXX=/home/wangtinghu/workspace/CORSICA_20251028_REMOVE_HTTPS_UNSAFE_CIPHERS_LIST_CSC/Corsica_adv/trunk/ti_tools/cgt_a8/arm-2010.09/arm-none-linux-gnueabi/bin/ld
lt_cv_path_NM='/home/wangtinghu/workspace/CORSICA_20251028_REMOVE_HTTPS_UNSAFE_CIPHERS_LIST_CSC/Corsica_adv/trunk/3rdparty/sony/avahi/../../../ti_tools/cgt_a8/arm-2010.09/bin/arm-none-linux-gnueabi-nm -B'
lt_cv_path_mainfest_tool=no
lt_cv_prog_compiler_c_o=yes
lt_cv_prog_compiler_c_o_CXX=yes
lt_cv_prog_compiler_pic='-fPIC -DPIC'
lt_cv_prog_compiler_pic_CXX='-fPIC -DPIC'
lt_cv_prog_compiler_pic_works=yes
lt_cv_prog_compiler_pic_works_CXX=yes
lt_cv_prog_compiler_rtti_exceptions=no
lt_cv_prog_compiler_static_works=yes
lt_cv_prog_compiler_static_works_CXX=yes
lt_cv_prog_gnu_ld=yes
lt_cv_prog_gnu_ldcxx=yes
lt_cv_sharedlib_from_linklib_cmd='printf %s\n'
lt_cv_shlibpath_overrides_runpath=no
lt_cv_sys_global_symbol_pipe='sed -n -e '\''s/^.*[	 ]\([ABCDGIRSTW][ABCDGIRSTW]*\)[	 ][	 ]*\([_A-Za-z][_A-Za-z0-9]*\)$/\1 \2 \2/p'\'' | sed '\''/ __gnu_lto/d'\'''
lt_cv_sys_global_symbol_to_c_name_address='sed -n -e '\''s/^: \(.*\) .*$/  {"\1", (void *) 0},/p'\'' -e '\''s/^[ABCDGIRSTW][ABCDGIRSTW]* .* \(.*\)$/  {"\1", (void *) \&\1},/p'\'''
lt_cv_sys_global_symbol_to_c_name_address_lib_prefix='sed -n -e '\''s/^: \(.*\) .*$/  {"\1", (void *) 0},/p'\'' -e '\''s/^[ABCDGIRSTW][ABCDGIRSTW]* .* \(lib.*\)$/  {"\1", (void *) \&\1},/p'\'' -e '\''s/^[ABCDGIRSTW][ABCDGIRSTW]* .* \(.*\)$/  {"lib\1", (void *) \&\1},/p'\'''
lt_cv_sys_global_symbol_to_cdecl='sed -n -e '\''s/^T .* \(.*\)$/extern int \1();/p'\'' -e '\''s/^[ABCDGIRSTW][ABCDGIRSTW]* .* \(.*\)$/extern char \1;/p'\'''
lt_cv_sys_global_symbol_to_import=
lt_cv_sys_max_cmd_len=1572864
lt_cv_to_host_file_cmd=func_convert_file_noop
lt_cv_to_tool_file_cmd=func_convert_file_noop
lt_cv_truncate_bin='/bin/dd bs=4096 count=1'
pkg_cv_LIBDAEMON_CFLAGS='-D_REENTRANT -I/opt/wa/include'
pkg_cv_LIBDAEMON_LIBS='-L/opt/wa/lib -ldaemon'
ssp_cv_lib=no

## ----------------- ##
## Output variables. ##
## ----------------- ##

ACLOCAL='${SHELL} /home/wangtinghu/workspace/CORSICA_20251028_REMOVE_HTTPS_UNSAFE_CIPHERS_LIST_CSC/Corsica_adv/trunk/3rdparty/sony/avahi/avahi-0.8/missing aclocal-1.15'
AMDEPBACKSLASH='\'
AMDEP_FALSE='#'
AMDEP_TRUE=''
AMTAR='$${TAR-tar}'
AM_BACKSLASH='\'
AM_DEFAULT_V='$(AM_DEFAULT_VERBOSITY)'
AM_DEFAULT_VERBOSITY='0'
AM_V='$(V)'
AR='arm-none-linux-gnueabi-ar'
AUTOCONF='${SHELL} /home/wangtinghu/workspace/CORSICA_20251028_REMOVE_HTTPS_UNSAFE_CIPHERS_LIST_CSC/Corsica_adv/trunk/3rdparty/sony/avahi/avahi-0.8/missing autoconf'
AUTOHEADER='${SHELL} /home/wangtinghu/workspace/CORSICA_20251028_REMOVE_HTTPS_UNSAFE_CIPHERS_LIST_CSC/Corsica_adv/trunk/3rdparty/sony/avahi/avahi-0.8/missing autoheader'
AUTOMAKE='${SHELL} /home/wangtinghu/workspace/CORSICA_20251028_REMOVE_HTTPS_UNSAFE_CIPHERS_LIST_CSC/Corsica_adv/trunk/3rdparty/sony/avahi/avahi-0.8/missing automake-1.15'
AVAHI_AUTOIPD_GROUP='avahi-autoipd'
AVAHI_AUTOIPD_USER='avahi-autoipd'
AVAHI_GROUP='root'
AVAHI_PRIV_ACCESS_GROUP='netdev'
AVAHI_USER='root'
AWK='gawk'
BUILD_MANPAGES_FALSE='#'
BUILD_MANPAGES_TRUE=''
CC='/home/wangtinghu/workspace/CORSICA_20251028_REMOVE_HTTPS_UNSAFE_CIPHERS_LIST_CSC/Corsica_adv/trunk/3rdparty/sony/avahi/../../../ti_tools/cgt_a8/arm-2010.09/bin/arm-none-linux-gnueabi-gcc -std=gnu99'
CCDEPMODE='depmode=gcc3'
CFLAGS='-I/home/wangtinghu/workspace/CORSICA_20251028_REMOVE_HTTPS_UNSAFE_CIPHERS_LIST_CSC/Corsica_adv/trunk/3rdparty/sony/avahi/opt/wa/include -Wall -W -Wextra -pedantic -pipe -Wformat -Wold-style-definition -Wdeclaration-after-statement -Wfloat-equal -Wmissing-declarations -Wmissing-prototypes -Wstrict-prototypes -Wredundant-decls -Wmissing-noreturn -Wshadow -Wendif-labels -Wpointer-arith -Wbad-function-cast -Wcast-qual -Wcast-align -Wwrite-strings -fdiagnostics-show-option -Wno-cast-qual -fno-strict-aliasing'
CPP='/home/wangtinghu/workspace/CORSICA_20251028_REMOVE_HTTPS_UNSAFE_CIPHERS_LIST_CSC/Corsica_adv/trunk/3rdparty/sony/avahi/../../../ti_tools/cgt_a8/arm-2010.09/bin/arm-none-linux-gnueabi-gcc -std=gnu99 -E'
CPPFLAGS=''
CXX='arm-none-linux-gnueabi-g++'
CXXCPP='arm-none-linux-gnueabi-g++ -E'
CXXDEPMODE='depmode=gcc3'
CXXFLAGS='-g -O2'
CYGPATH_W='echo'
DBUS_CFLAGS=''
DBUS_LIBS=''
DBUS_SYSTEM_BUS_DEFAULT_ADDRESS='Disabled'
DBUS_SYS_DIR='Disabled'
DEFS='-DHAVE_CONFIG_H'
DEPDIR='.deps'
DLLTOOL='false'
DOXYGEN_PAPER_SIZE=''
DSYMUTIL=''
DUMPBIN=''
DX_COND_chi_FALSE=''
DX_COND_chi_TRUE='#'
DX_COND_chm_FALSE=''
DX_COND_chm_TRUE='#'
DX_COND_doc_FALSE=''
DX_COND_doc_TRUE='#'
DX_COND_dot_FALSE=''
DX_COND_dot_TRUE='#'
DX_COND_html_FALSE=''
DX_COND_html_TRUE='#'
DX_COND_latex_FALSE=''
DX_COND_latex_TRUE='#'
DX_COND_man_FALSE=''
DX_COND_man_TRUE='#'
DX_COND_pdf_FALSE=''
DX_COND_pdf_TRUE='#'
DX_COND_ps_FALSE=''
DX_COND_ps_TRUE='#'
DX_COND_rtf_FALSE=''
DX_COND_rtf_TRUE='#'
DX_COND_xml_FALSE=''
DX_COND_xml_TRUE='#'
DX_CONFIG='doxygen.cfg'
DX_DOCDIR='doxygen'
DX_DOT=''
DX_DOXYGEN=''
DX_DVIPS=''
DX_EGREP=''
DX_ENV=' SRCDIR='\''.'\'' PROJECT='\''avahi'\'' DOCDIR='\''doxygen'\'' VERSION='\''0.8'\'' HAVE_DOT='\''NO'\'' GENERATE_MAN='\''NO'\'' GENERATE_RTF='\''NO'\'' GENERATE_XML='\''NO'\'' GENERATE_HTMLHELP='\''NO'\'' GENERATE_CHI='\''NO'\'' GENERATE_HTML='\''NO'\'' GENERATE_LATEX='\''NO'\'''
DX_FLAG_chi='0'
DX_FLAG_chm='0'
DX_FLAG_doc='0'
DX_FLAG_dot='0'
DX_FLAG_html='0'
DX_FLAG_man='0'
DX_FLAG_pdf='0'
DX_FLAG_ps='0'
DX_FLAG_rtf='0'
DX_FLAG_xml='0'
DX_HHC=''
DX_LATEX=''
DX_MAKEINDEX=''
DX_PDFLATEX=''
DX_PERL='/usr/bin/perl'
DX_PROJECT='avahi'
ECHO_C=''
ECHO_N='-n'
ECHO_T=''
EGREP='/bin/grep -E'
ENABLE_AUTOIPD_FALSE=''
ENABLE_AUTOIPD_TRUE='#'
ENABLE_CHROOT_FALSE=''
ENABLE_CHROOT_TRUE='#'
ENABLE_COMPAT_HOWL_FALSE=''
ENABLE_COMPAT_HOWL_TRUE='#'
ENABLE_COMPAT_LIBDNS_SD_FALSE=''
ENABLE_COMPAT_LIBDNS_SD_TRUE='#'
ENABLE_CORE_DOCS_FALSE=''
ENABLE_CORE_DOCS_TRUE='#'
ENABLE_TESTS_FALSE=''
ENABLE_TESTS_TRUE='#'
EXEEXT=''
FGREP='/bin/grep -F'
GACUTIL=''
GETTEXT_MACRO_VERSION='0.19'
GETTEXT_PACKAGE='avahi'
GLIB20_CFLAGS=''
GLIB20_LIBS=''
GMSGFMT='/usr/bin/msgfmt'
GMSGFMT_015='/usr/bin/msgfmt'
GOBJECT_CFLAGS=''
GOBJECT_LIBS=''
GREP='/bin/grep'
GTK20_CFLAGS=''
GTK20_LIBS=''
GTK30_CFLAGS=''
GTK30_LIBS=''
HAVE_DBM_FALSE=''
HAVE_DBM_TRUE='#'
HAVE_DBUS_FALSE=''
HAVE_DBUS_TRUE='#'
HAVE_DLOPEN_FALSE='#'
HAVE_DLOPEN_TRUE=''
HAVE_GDBM_FALSE=''
HAVE_GDBM_TRUE='#'
HAVE_GLIB_FALSE=''
HAVE_GLIB_TRUE='#'
HAVE_GOBJECT_FALSE=''
HAVE_GOBJECT_TRUE='#'
HAVE_GTK2OR3_FALSE=''
HAVE_GTK2OR3_TRUE='#'
HAVE_GTK3_FALSE=''
HAVE_GTK3_TRUE='#'
HAVE_GTK_FALSE=''
HAVE_GTK_TRUE='#'
HAVE_INOTIFY_FALSE='#'
HAVE_INOTIFY_TRUE=''
HAVE_INTROSPECTION_FALSE=''
HAVE_INTROSPECTION_TRUE='#'
HAVE_KQUEUE_FALSE=''
HAVE_KQUEUE_TRUE='#'
HAVE_LIBDAEMON_FALSE='#'
HAVE_LIBDAEMON_TRUE=''
HAVE_LIBEVENT_FALSE=''
HAVE_LIBEVENT_TRUE='#'
HAVE_MONODOC_FALSE=''
HAVE_MONODOC_TRUE='#'
HAVE_MONO_FALSE=''
HAVE_MONO_TRUE='#'
HAVE_NETLINK_FALSE='#'
HAVE_NETLINK_TRUE=''
HAVE_PF_ROUTE_FALSE=''
HAVE_PF_ROUTE_TRUE='#'
HAVE_PYGOBJECT_FALSE=''
HAVE_PYGOBJECT_TRUE='#'
HAVE_PYTHON_DBUS_FALSE=''
HAVE_PYTHON_DBUS_TRUE='#'
HAVE_PYTHON_FALSE=''
HAVE_PYTHON_TRUE='#'
HAVE_QT3_FALSE=''
HAVE_QT3_TRUE='#'
HAVE_QT4_FALSE=''
HAVE_QT4_TRUE='#'
HAVE_QT5_FALSE=''
HAVE_QT5_TRUE='#'
HAVE_SYSTEMD_FALSE='#'
HAVE_SYSTEMD_TRUE=''
HAVE_SYS_FILIO_H_FALSE=''
HAVE_SYS_FILIO_H_TRUE='#'
HAVE_SYS_SYSCTL_H_FALSE=''
HAVE_SYS_SYSCTL_H_TRUE='#'
HAVE_XML_FALSE='#'
HAVE_XML_TRUE=''
HOWL_COMPAT_VERSION='0.9.8'
INSTALL_DATA='${INSTALL} -m 644'
INSTALL_PROGRAM='${INSTALL}'
INSTALL_SCRIPT='${INSTALL}'
INSTALL_STRIP_PROGRAM='$(install_sh) -c -s'
INTLLIBS=''
INTL_MACOSX_LIBS=''
INTROSPECTION_CFLAGS=''
INTROSPECTION_COMPILER=''
INTROSPECTION_GENERATE=''
INTROSPECTION_GIRDIR=''
INTROSPECTION_LIBS=''
INTROSPECTION_MAKEFILE=''
INTROSPECTION_SCANNER=''
INTROSPECTION_TYPELIBDIR=''
LD='/home/wangtinghu/workspace/CORSICA_20251028_REMOVE_HTTPS_UNSAFE_CIPHERS_LIST_CSC/Corsica_adv/trunk/ti_tools/cgt_a8/arm-2010.09/arm-none-linux-gnueabi/bin/ld'
LDFLAGS='-static -static-libgcc -L/home/wangtinghu/workspace/CORSICA_20251028_REMOVE_HTTPS_UNSAFE_CIPHERS_LIST_CSC/Corsica_adv/trunk/3rdparty/sony/avahi/opt/wa/lib'
LIBAVAHI_CLIENT_VERSION_INFO='5:9:2'
LIBAVAHI_COMMON_VERSION_INFO='8:4:5'
LIBAVAHI_COMPAT_HOWL_VERSION_INFO='0:0:0'
LIBAVAHI_COMPAT_LIBDNS_SD_VERSION_INFO='1:0:0'
LIBAVAHI_CORE_VERSION_INFO='8:0:1'
LIBAVAHI_GLIB_VERSION_INFO='1:2:0'
LIBAVAHI_GOBJECT_VERSION_INFO='0:5:0'
LIBAVAHI_LIBEVENT_VERSION_INFO='1:0:0'
LIBAVAHI_QT3_VERSION_INFO='1:2:0'
LIBAVAHI_QT4_VERSION_INFO='1:2:0'
LIBAVAHI_QT5_VERSION_INFO='1:2:0'
LIBAVAHI_UI_VERSION_INFO='1:4:1'
LIBDAEMON_CFLAGS='-D_REENTRANT -I/opt/wa/include'
LIBDAEMON_LIBS='-L/opt/wa/lib -ldaemon'
LIBEVENT_CFLAGS=''
LIBEVENT_LIBS=''
LIBICONV='-liconv'
LIBINTL=''
LIBOBJS=' ${LIBOBJDIR}memcmp$U.o ${LIBOBJDIR}lstat$U.o ${LIBOBJDIR}stat$U.o'
LIBS=''
LIBTOOL='$(SHELL) $(top_builddir)/libtool'
LIPO=''
LN_S='ln -s'
LTLIBICONV='-liconv'
LTLIBINTL=''
LTLIBOBJS=' ${LIBOBJDIR}memcmp$U.lo ${LIBOBJDIR}lstat$U.lo ${LIBOBJDIR}stat$U.lo'
LT_SYS_LIBRARY_PATH=''
MAKEINFO='${SHELL} /home/wangtinghu/workspace/CORSICA_20251028_REMOVE_HTTPS_UNSAFE_CIPHERS_LIST_CSC/Corsica_adv/trunk/3rdparty/sony/avahi/avahi-0.8/missing makeinfo'
MANIFEST_TOOL=':'
MCS=''
MDASSEMBLER=''
MKDIR_P='/bin/mkdir -p'
MOC_QT3=''
MOC_QT4=''
MOC_QT5=''
MONODOCER=''
MONODOC_CFLAGS=''
MONODOC_DIR=''
MONODOC_LIBS=''
MSGFMT='/usr/bin/msgfmt'
MSGFMT_015='/usr/bin/msgfmt'
MSGMERGE='/usr/bin/msgmerge'
NM='/home/wangtinghu/workspace/CORSICA_20251028_REMOVE_HTTPS_UNSAFE_CIPHERS_LIST_CSC/Corsica_adv/trunk/3rdparty/sony/avahi/../../../ti_tools/cgt_a8/arm-2010.09/bin/arm-none-linux-gnueabi-nm -B'
NMEDIT=''
OBJDUMP='arm-none-linux-gnueabi-objdump'
OBJEXT='o'
OTOOL64=''
OTOOL=''
PACKAGE='avahi'
PACKAGE_BUGREPORT='avahi (at) lists (dot) freedesktop (dot) org'
PACKAGE_NAME='avahi'
PACKAGE_STRING='avahi 0.8'
PACKAGE_TARNAME='avahi'
PACKAGE_URL='http://avahi.org/'
PACKAGE_VERSION='0.8'
PATH_SEPARATOR=':'
PKG_CONFIG='/usr/bin/pkg-config'
PKG_CONFIG_LIBDIR=''
PKG_CONFIG_PATH='/home/wangtinghu/workspace/CORSICA_20251028_REMOVE_HTTPS_UNSAFE_CIPHERS_LIST_CSC/Corsica_adv/trunk/3rdparty/sony/avahi/opt/wa/lib/pkgconfig'
POSUB='po'
PTHREAD_CC='/home/wangtinghu/workspace/CORSICA_20251028_REMOVE_HTTPS_UNSAFE_CIPHERS_LIST_CSC/Corsica_adv/trunk/3rdparty/sony/avahi/../../../ti_tools/cgt_a8/arm-2010.09/bin/arm-none-linux-gnueabi-gcc -std=gnu99'
PTHREAD_CFLAGS='-pthread'
PTHREAD_LIBS=''
PYGOBJECT_CFLAGS=''
PYGOBJECT_LIBS=''
PYTHON=''
PYTHON_EXEC_PREFIX=''
PYTHON_PLATFORM=''
PYTHON_PREFIX=''
PYTHON_VERSION=''
QT3_CFLAGS=''
QT3_LIBS=''
QT4_CFLAGS=''
QT4_LIBS=''
QT5_CFLAGS=''
QT5_LIBS=''
RANLIB='arm-none-linux-gnueabi-ranlib'
SED='/bin/sed'
SET_MAKE=''
SHELL='/bin/sh'
STOW='no'
STRIP='arm-none-linux-gnueabi-strip'
TARGET_ARCHLINUX_FALSE=''
TARGET_ARCHLINUX_TRUE='#'
TARGET_DARWIN_FALSE=''
TARGET_DARWIN_TRUE='#'
TARGET_DEBIAN_FALSE=''
TARGET_DEBIAN_TRUE='#'
TARGET_FEDORA_FALSE=''
TARGET_FEDORA_TRUE='#'
TARGET_FREEBSD_FALSE=''
TARGET_FREEBSD_TRUE='#'
TARGET_GENTOO_FALSE=''
TARGET_GENTOO_TRUE='#'
TARGET_LFS_FALSE=''
TARGET_LFS_TRUE='#'
TARGET_MANDRIVA_FALSE=''
TARGET_MANDRIVA_TRUE='#'
TARGET_NETBSD_FALSE=''
TARGET_NETBSD_TRUE='#'
TARGET_SLACKWARE_FALSE=''
TARGET_SLACKWARE_TRUE='#'
TARGET_SUSE_FALSE=''
TARGET_SUSE_TRUE='#'
USE_NLS='yes'
USE_XMLTOMAN_FALSE=''
USE_XMLTOMAN_TRUE='#'
VERSION='0.8'
VISIBILITY_HIDDEN_CFLAGS='-fvisibility=hidden -DHAVE_VISIBILITY_HIDDEN'
XGETTEXT='/usr/bin/xgettext'
XGETTEXT_015='/usr/bin/xgettext'
XGETTEXT_EXTRA_OPTIONS=''
XML_CFLAGS='-DUSE_EXPAT_H'
XML_LIBS='-lexpat'
ac_ct_AR=''
ac_ct_CC=''
ac_ct_CXX=''
ac_ct_DUMPBIN=''
acx_pthread_config=''
am__EXEEXT_FALSE=''
am__EXEEXT_TRUE='#'
am__fastdepCC_FALSE='#'
am__fastdepCC_TRUE=''
am__fastdepCXX_FALSE='#'
am__fastdepCXX_TRUE=''
am__include='include'
am__isrc=''
am__leading_dot='.'
am__nodep='_no'
am__quote=''
am__tar='tar --format=posix -chf - "$$tardir"'
am__untar='tar -xf -'
avahi_runtime_dir='/run'
avahi_socket='/run/avahi-daemon/socket'
avahilocaledir='${prefix}/${DATADIRNAME}/locale'
bindir='${exec_prefix}/bin'
build='i686-pc-linux-gnu'
build_alias='i686-linux'
build_cpu='i686'
build_os='linux-gnu'
build_vendor='pc'
datadir='${datarootdir}'
datarootdir='${prefix}/share'
docdir='${datarootdir}/doc/${PACKAGE_TARNAME}'
dvidir='${docdir}'
exec_prefix='${prefix}'
have_pkg_config='yes'
have_xmltoman='no'
host='arm-none-linux-gnueabi'
host_alias='arm-none-linux-gnueabi'
host_cpu='arm'
host_os='linux-gnueabi'
host_vendor='none'
htmldir='${docdir}'
includedir='${prefix}/include'
infodir='${datarootdir}/info'
install_sh='${SHELL} /home/wangtinghu/workspace/CORSICA_20251028_REMOVE_HTTPS_UNSAFE_CIPHERS_LIST_CSC/Corsica_adv/trunk/3rdparty/sony/avahi/avahi-0.8/install-sh'
interfacesdir=''
libdir='${exec_prefix}/lib'
libexecdir='${exec_prefix}/libexec'
localedir='${datarootdir}/locale'
localstatedir='${prefix}/var'
mandir='${datarootdir}/man'
mkdir_p='$(MKDIR_P)'
oldincludedir='/usr/include'
pdfdir='${docdir}'
pkgpyexecdir=''
pkgpythondir=''
prefix='/opt/wa'
program_transform_name='s,x,x,'
psdir='${docdir}'
pyexecdir=''
pythondir=''
runstatedir='${localstatedir}/run'
sbindir='${exec_prefix}/sbin'
sharedstatedir='${prefix}/com'
sysconfdir='${prefix}/etc'
systemdsystemunitdir='/lib/systemd/system'
target_alias='arm-none-linux-gnueabi'

## ----------- ##
## confdefs.h. ##
## ----------- ##

/* confdefs.h */
#define PACKAGE_NAME "avahi"
#define PACKAGE_TARNAME "avahi"
#define PACKAGE_VERSION "0.8"
#define PACKAGE_STRING "avahi 0.8"
#define PACKAGE_BUGREPORT "avahi (at) lists (dot) freedesktop (dot) org"
#define PACKAGE_URL ""
#define PACKAGE "avahi"
#define VERSION "0.8"
#define STDC_HEADERS 1
#define HAVE_SYS_TYPES_H 1
#define HAVE_SYS_STAT_H 1
#define HAVE_STDLIB_H 1
#define HAVE_STRING_H 1
#define HAVE_MEMORY_H 1
#define HAVE_STRINGS_H 1
#define HAVE_INTTYPES_H 1
#define HAVE_STDINT_H 1
#define HAVE_UNISTD_H 1
#define __EXTENSIONS__ 1
#define _ALL_SOURCE 1
#define _GNU_SOURCE 1
#define _POSIX_PTHREAD_SEMANTICS 1
#define _TANDEM_SOURCE 1
#define HAVE_DLFCN_H 1
#define LT_OBJDIR ".libs/"
#define HAVE_PTHREAD 1
#define HAVE_NETLINK /**/
#define HAVE_SYS_SYSCTL_H /**/
#define HAVE_STRUCT_IP_MREQN /**/
#define STDC_HEADERS 1
#define HAVE_ARPA_INET_H 1
#define HAVE_FCNTL_H 1
#define HAVE_INTTYPES_H 1
#define HAVE_LIMITS_H 1
#define HAVE_NETINET_IN_H 1
#define HAVE_STDLIB_H 1
#define HAVE_STRING_H 1
#define HAVE_SYS_IOCTL_H 1
#define HAVE_SYS_SOCKET_H 1
#define HAVE_SYS_TIME_H 1
#define HAVE_UNISTD_H 1
#define HAVE_NETDB_H 1
#define HAVE_SYSLOG_H 1
#define HAVE__BOOL 1
#define HAVE_STDBOOL_H 1
#define TIME_WITH_SYS_TIME 1
#define HAVE_SYS_WAIT_H 1
#define HAVE_SYS_SELECT_H 1
#define HAVE_SYS_SOCKET_H 1
#define SELECT_TYPE_ARG1 int
#define SELECT_TYPE_ARG234 (fd_set *)
#define SELECT_TYPE_ARG5 (struct timeval *)
#define HAVE_GETHOSTNAME 1
#define HAVE_MEMCHR 1
#define HAVE_MEMMOVE 1
#define HAVE_MEMSET 1
#define HAVE_MKDIR 1
#define HAVE_SELECT 1
#define HAVE_SOCKET 1
#define HAVE_STRCHR 1
#define HAVE_STRCSPN 1
#define HAVE_STRDUP 1
#define HAVE_STRERROR 1
#define HAVE_STRRCHR 1
#define HAVE_STRSPN 1
#define HAVE_STRSTR 1
#define HAVE_UNAME 1
#define HAVE_SETRESUID 1
#define HAVE_SETREUID 1
#define HAVE_SETRESGID 1
#define HAVE_SETREGID 1
#define HAVE_STRCASECMP 1
#define HAVE_GETTIMEOFDAY 1
#define HAVE_PUTENV 1
#define HAVE_STRNCASECMP 1
#define HAVE_GETHOSTBYNAME 1
#define HAVE_SETEUID 1
#define HAVE_SETEGID 1
#define HAVE_UNISTD_H 1
#define HAVE_STAT_EMPTY_STRING_BUG 1
#define HAVE_DECL_ENVIRON 1
#define HAVE_GCC_VISIBILITY 1
#define HAVE_VISIBILITY_HIDDEN /**/
#define HAVE_SYS_PRCTL_H 1
#define HAVE_CHROOT 1
#define HAVE_DLFCN_H 1
#define HAVE_DLOPEN 1
#define HAVE_SYS_INOTIFY_H 1
#define HAVE_INOTIFY 1
#define GETTEXT_PACKAGE "avahi"
#define ENABLE_NLS 1
#define HAVE_GETTEXT 1
#define HAVE_DCGETTEXT 1
#define HAVE_EXPAT_H 1
#define AVAHI_USER "root"
#define AVAHI_GROUP "root"
#define AVAHI_PRIV_ACCESS_GROUP "netdev"
#define AVAHI_AUTOIPD_USER "avahi-autoipd"
#define AVAHI_AUTOIPD_GROUP "avahi-autoipd"

configure: exit 0

## ---------------------- ##
## Running config.status. ##
## ---------------------- ##

This file was extended by avahi config.status 0.8, which was
generated by GNU Autoconf 2.69.  Invocation command line was

  CONFIG_FILES    = 
  CONFIG_HEADERS  = 
  CONFIG_LINKS    = 
  CONFIG_COMMANDS = 
  $ ./config.status 

on WX-CSC-L-WA

config.status:1528: creating Makefile
config.status:1528: creating avahi-common/Makefile
config.status:1528: creating avahi-core/Makefile
config.status:1528: creating avahi-glib/Makefile
config.status:1528: creating avahi-gobject/Makefile
config.status:1528: creating avahi-qt/Makefile
config.status:1528: creating avahi-daemon/Makefile
config.status:1528: creating avahi-daemon/avahi-dbus.conf
config.status:1528: creating avahi-discover-standalone/Makefile
config.status:1528: creating avahi-client/Makefile
config.status:1528: creating initscript/Makefile
config.status:1528: creating initscript/debian/Makefile
config.status:1528: creating initscript/gentoo/Makefile
config.status:1528: creating initscript/suse/Makefile
config.status:1528: creating initscript/fedora/Makefile
config.status:1528: creating initscript/lfs/Makefile
config.status:1528: creating initscript/mandriva/Makefile
config.status:1528: creating initscript/darwin/Makefile
config.status:1528: creating initscript/freebsd/Makefile
config.status:1528: creating initscript/slackware/Makefile
config.status:1528: creating avahi-dnsconfd/Makefile
config.status:1528: creating avahi-utils/Makefile
config.status:1528: creating avahi-python/Makefile
config.status:1528: creating avahi-python/avahi/Makefile
config.status:1528: creating avahi-python/avahi-discover/Makefile
config.status:1528: creating examples/Makefile
config.status:1528: creating common/Makefile
config.status:1528: creating man/Makefile
config.status:1528: creating tests/Makefile
config.status:1528: creating service-type-database/Makefile
config.status:1528: creating avahi-sharp/Makefile
config.status:1528: creating avahi-ui-sharp/Makefile
config.status:1528: creating avahi-compat-libdns_sd/Makefile
config.status:1528: creating avahi-compat-howl/Makefile
config.status:1528: creating avahi-compat-howl/samples/Makefile
config.status:1528: creating avahi-autoipd/Makefile
config.status:1528: creating avahi-ui/Makefile
config.status:1528: creating avahi-libevent/Makefile
config.status:1528: creating po/Makefile.in
config.status:1528: creating config.h
config.status:1709: config.h is unchanged
config.status:1757: executing depfiles commands
config.status:1757: executing libtool commands
config.status:1757: executing po-directories commands

## ---------------------- ##
## Running config.status. ##
## ---------------------- ##

This file was extended by avahi config.status 0.8, which was
generated by GNU Autoconf 2.69.  Invocation command line was

  CONFIG_FILES    = 
  CONFIG_HEADERS  = 
  CONFIG_LINKS    = 
  CONFIG_COMMANDS = 
  $ ./config.status config.h

on WX-CSC-L-WA

config.status:1528: creating config.h
